index,title,name,Pre-processing,clean1,clean2,Finished Text
24,-1,-1,"Position Overview
An ideal candidate should be able to speak intelligently about the process of software development, while getting their hands on the keyboard to deliver real functionality. We need strong developers that are familiar with modern best practices, who can develop code in a disciplined way that meets project needs and won�۪t sacrifice quality just to get something shipped quickly. We�۪re also looking for somebody that can understand the larger picture, and has experience dealing with back-end services, enterprise-level systems architecture, and collaborating in a cross-team environment.

This position will participate in all stages of software design, development, testing, release, and support. The types of systems include content management systems, API integrations, security/identity-related features, and user experience design. The core technology stack used by this team includes: Java 8+/Groovy, Spring / Spring Boot, Git, and MongoDB/Oracle databases. Because we work collaboratively, strong interpersonal and communication skills are essential. We also use Agile delivery methodologies, so Agile experience is also desirable.


Required Skills


Required Experience","['Position', 'Overview', 'An', 'ideal', 'candidate', 'should', 'be', 'able', 'to', 'speak', 'intelligently', 'about', 'the', 'process', 'of', 'software', 'development', ',', 'while', 'getting', 'their', 'hands', 'on', 'the', 'keyboard', 'to', 'deliver', 'real', 'functionality', '.', 'We', 'need', 'strong', 'developers', 'that', 'are', 'familiar', 'with', 'modern', 'best', 'practices', ',', 'who', 'can', 'develop', 'code', 'in', 'a', 'disciplined', 'way', 'that', 'meets', 'project', 'needs', 'and', 'won', '�۪', 't', 'sacrifice', 'quality', 'just', 'to', 'get', 'something', 'shipped', 'quickly', '.', 'We', '�۪', 're', 'also', 'looking', 'for', 'somebody', 'that', 'can', 'understand', 'the', 'larger', 'picture', ',', 'and', 'has', 'experience', 'dealing', 'with', 'back-end', 'services', ',', 'enterprise-level', 'systems', 'architecture', ',', 'and', 'collaborating', 'in', 'a', 'cross-team', 'environment', '.', 'This', 'position', 'will', 'participate', 'in', 'all', 'stages', 'of', 'software', 'design', ',', 'development', ',', 'testing', ',', 'release', ',', 'and', 'support', '.', 'The', 'types', 'of', 'systems', 'include', 'content', 'management', 'systems', ',', 'API', 'integrations', ',', 'security/identity-related', 'features', ',', 'and', 'user', 'experience', 'design', '.', 'The', 'core', 'technology', 'stack', 'used', 'by', 'this', 'team', 'includes', ':', 'Java', '8+/Groovy', ',', 'Spring', '/', 'Spring', 'Boot', ',', 'Git', ',', 'and', 'MongoDB/Oracle', 'databases', '.', 'Because', 'we', 'work', 'collaboratively', ',', 'strong', 'interpersonal', 'and', 'communication', 'skills', 'are', 'essential', '.', 'We', 'also', 'use', 'Agile', 'delivery', 'methodologies', ',', 'so', 'Agile', 'experience', 'is', 'also', 'desirable', '.', 'Required', 'Skills', 'Required', 'Experience']","['Position', 'Overview', 'An', 'ideal', 'candidate', 'able', 'speak', 'intelligently', 'process', 'software', 'development', ',', 'getting', 'hands', 'keyboard', 'deliver', 'real', 'functionality', '.', 'We', 'need', 'strong', 'developers', 'familiar', 'modern', 'best', 'practices', ',', 'develop', 'code', 'disciplined', 'way', 'meets', 'project', 'needs', '�۪', 'sacrifice', 'quality', 'get', 'something', 'shipped', 'quickly', '.', 'We', '�۪', 'also', 'looking', 'somebody', 'understand', 'larger', 'picture', ',', 'experience', 'dealing', 'back-end', 'services', ',', 'enterprise-level', 'systems', 'architecture', ',', 'collaborating', 'cross-team', 'environment', '.', 'This', 'position', 'participate', 'stages', 'software', 'design', ',', 'development', ',', 'testing', ',', 'release', ',', 'support', '.', 'The', 'types', 'systems', 'include', 'content', 'management', 'systems', ',', 'API', 'integrations', ',', 'security/identity-related', 'features', ',', 'user', 'experience', 'design', '.', 'The', 'core', 'technology', 'stack', 'used', 'team', 'includes', ':', 'Java', '8+/Groovy', ',', 'Spring', '/', 'Spring', 'Boot', ',', 'Git', ',', 'MongoDB/Oracle', 'databases', '.', 'Because', 'work', 'collaboratively', ',', 'strong', 'interpersonal', 'communication', 'skills', 'essential', '.', 'We', 'also', 'use', 'Agile', 'delivery', 'methodologies', ',', 'Agile', 'experience', 'also', 'desirable', '.', 'Required', 'Skills', 'Required', 'Experience']","Position Overview An ideal candidate able speak intelligently process software development , getting hands keyboard deliver real functionality . We need strong developers familiar modern best practices , develop code disciplined way meets project needs �۪ sacrifice quality get something shipped quickly . We �۪ also looking somebody understand larger picture , experience dealing back-end services , enterprise-level systems architecture , collaborating cross-team environment . This position participate stages software design , development , testing , release , support . The types systems include content management systems , API integrations , security/identity-related features , user experience design . The core technology stack used team includes : Java 8+/Groovy , Spring / Spring Boot , Git , MongoDB/Oracle databases . Because work collaboratively , strong interpersonal communication skills essential . We also use Agile delivery methodologies , Agile experience also desirable . Required Skills Required Experience"
39,-1,-1,"Minimum Qualifications
Bachelor�۪s degree in computer science, information technology, or a related field or equivalent experience
Preferred Qualifications
3 years of experience in programming in Angular, Cocoa, Objective C, C#, HTML, .NET, PHP, Java, Progress or other programming languages
3 years of experience in software testing and design
3 years of experience in database management as it relates to software development
Proficiency in the Microsoft Office suite","['Minimum', 'Qualifications', 'Bachelor', '�۪', 's', 'degree', 'in', 'computer', 'science', ',', 'information', 'technology', ',', 'or', 'a', 'related', 'field', 'or', 'equivalent', 'experience', 'Preferred', 'Qualifications', '3', 'years', 'of', 'experience', 'in', 'programming', 'in', 'Angular', ',', 'Cocoa', ',', 'Objective', 'C', ',', 'C', '#', ',', 'HTML', ',', '.NET', ',', 'PHP', ',', 'Java', ',', 'Progress', 'or', 'other', 'programming', 'languages', '3', 'years', 'of', 'experience', 'in', 'software', 'testing', 'and', 'design', '3', 'years', 'of', 'experience', 'in', 'database', 'management', 'as', 'it', 'relates', 'to', 'software', 'development', 'Proficiency', 'in', 'the', 'Microsoft', 'Office', 'suite']","['Minimum', 'Qualifications', 'Bachelor', '�۪', 'degree', 'computer', 'science', ',', 'information', 'technology', ',', 'related', 'field', 'equivalent', 'experience', 'Preferred', 'Qualifications', '3', 'years', 'experience', 'programming', 'Angular', ',', 'Cocoa', ',', 'Objective', 'C', ',', 'C', '#', ',', 'HTML', ',', '.NET', ',', 'PHP', ',', 'Java', ',', 'Progress', 'programming', 'languages', '3', 'years', 'experience', 'software', 'testing', 'design', '3', 'years', 'experience', 'database', 'management', 'relates', 'software', 'development', 'Proficiency', 'Microsoft', 'Office', 'suite']","Minimum Qualifications Bachelor �۪ degree computer science , information technology , related field equivalent experience Preferred Qualifications 3 years experience programming Angular , Cocoa , Objective C , C # , HTML , .NET , PHP , Java , Progress programming languages 3 years experience software testing design 3 years experience database management relates software development Proficiency Microsoft Office suite"
92,-1,-1,"At Delta Dental, our strategy is only as strong as the people who execute it! We are hiring individuals that are not just right for today but also for our future. We have built a foundation of high-trust by treating all people with dignity, making and keeping commitments, and consistently striving to do the right thing. Our leaders optimistically share future possibilities to inspire and motivate others toward their full potential. We expect our employees to find ways to embrace positive change, be curious and challenge the status quo, and provide solutions to unmet problems. Joining Delta Dental means joining a culture focused on fostering development, building genuine connections, recognizing each other�۪s strengths and sharing in successes.

The incumbent in this position is responsible for enterprise level designing, planning, implementation and support of Azure Cloud environments in a highly collaborative and fast-paced setup. The engineer's responsibilities include cloud operations and governance using best practices for the implementation and migration of our critical applications from data center to public cloud with adherence to best infrastructure standards, providing support to applications developers, infrastructure and DevOps teams, and end-users. The engineer will participate in the design of automated solutions, process improvement, server provisioning, capacity and performance management, software installations, technical assistance, server security management, topology recommendations and cost control. The incumbent must have in depth working knowledge of Azure Cloud along with knowledge on core infrastructure components such as UNIX/Linux operating systems, storage, network, databases, DevOps tools, scripting and Windows.","['At', 'Delta', 'Dental', ',', 'our', 'strategy', 'is', 'only', 'as', 'strong', 'as', 'the', 'people', 'who', 'execute', 'it', '!', 'We', 'are', 'hiring', 'individuals', 'that', 'are', 'not', 'just', 'right', 'for', 'today', 'but', 'also', 'for', 'our', 'future', '.', 'We', 'have', 'built', 'a', 'foundation', 'of', 'high-trust', 'by', 'treating', 'all', 'people', 'with', 'dignity', ',', 'making', 'and', 'keeping', 'commitments', ',', 'and', 'consistently', 'striving', 'to', 'do', 'the', 'right', 'thing', '.', 'Our', 'leaders', 'optimistically', 'share', 'future', 'possibilities', 'to', 'inspire', 'and', 'motivate', 'others', 'toward', 'their', 'full', 'potential', '.', 'We', 'expect', 'our', 'employees', 'to', 'find', 'ways', 'to', 'embrace', 'positive', 'change', ',', 'be', 'curious', 'and', 'challenge', 'the', 'status', 'quo', ',', 'and', 'provide', 'solutions', 'to', 'unmet', 'problems', '.', 'Joining', 'Delta', 'Dental', 'means', 'joining', 'a', 'culture', 'focused', 'on', 'fostering', 'development', ',', 'building', 'genuine', 'connections', ',', 'recognizing', 'each', 'other', '�۪', 's', 'strengths', 'and', 'sharing', 'in', 'successes', '.', 'The', 'incumbent', 'in', 'this', 'position', 'is', 'responsible', 'for', 'enterprise', 'level', 'designing', ',', 'planning', ',', 'implementation', 'and', 'support', 'of', 'Azure', 'Cloud', 'environments', 'in', 'a', 'highly', 'collaborative', 'and', 'fast-paced', 'setup', '.', 'The', 'engineer', ""'s"", 'responsibilities', 'include', 'cloud', 'operations', 'and', 'governance', 'using', 'best', 'practices', 'for', 'the', 'implementation', 'and', 'migration', 'of', 'our', 'critical', 'applications', 'from', 'data', 'center', 'to', 'public', 'cloud', 'with', 'adherence', 'to', 'best', 'infrastructure', 'standards', ',', 'providing', 'support', 'to', 'applications', 'developers', ',', 'infrastructure', 'and', 'DevOps', 'teams', ',', 'and', 'end-users', '.', 'The', 'engineer', 'will', 'participate', 'in', 'the', 'design', 'of', 'automated', 'solutions', ',', 'process', 'improvement', ',', 'server', 'provisioning', ',', 'capacity', 'and', 'performance', 'management', ',', 'software', 'installations', ',', 'technical', 'assistance', ',', 'server', 'security', 'management', ',', 'topology', 'recommendations', 'and', 'cost', 'control', '.', 'The', 'incumbent', 'must', 'have', 'in', 'depth', 'working', 'knowledge', 'of', 'Azure', 'Cloud', 'along', 'with', 'knowledge', 'on', 'core', 'infrastructure', 'components', 'such', 'as', 'UNIX/Linux', 'operating', 'systems', ',', 'storage', ',', 'network', ',', 'databases', ',', 'DevOps', 'tools', ',', 'scripting', 'and', 'Windows', '.']","['At', 'Delta', 'Dental', ',', 'strategy', 'strong', 'people', 'execute', '!', 'We', 'hiring', 'individuals', 'right', 'today', 'also', 'future', '.', 'We', 'built', 'foundation', 'high-trust', 'treating', 'people', 'dignity', ',', 'making', 'keeping', 'commitments', ',', 'consistently', 'striving', 'right', 'thing', '.', 'Our', 'leaders', 'optimistically', 'share', 'future', 'possibilities', 'inspire', 'motivate', 'others', 'toward', 'full', 'potential', '.', 'We', 'expect', 'employees', 'find', 'ways', 'embrace', 'positive', 'change', ',', 'curious', 'challenge', 'status', 'quo', ',', 'provide', 'solutions', 'unmet', 'problems', '.', 'Joining', 'Delta', 'Dental', 'means', 'joining', 'culture', 'focused', 'fostering', 'development', ',', 'building', 'genuine', 'connections', ',', 'recognizing', '�۪', 'strengths', 'sharing', 'successes', '.', 'The', 'incumbent', 'position', 'responsible', 'enterprise', 'level', 'designing', ',', 'planning', ',', 'implementation', 'support', 'Azure', 'Cloud', 'environments', 'highly', 'collaborative', 'fast-paced', 'setup', '.', 'The', 'engineer', ""'s"", 'responsibilities', 'include', 'cloud', 'operations', 'governance', 'using', 'best', 'practices', 'implementation', 'migration', 'critical', 'applications', 'data', 'center', 'public', 'cloud', 'adherence', 'best', 'infrastructure', 'standards', ',', 'providing', 'support', 'applications', 'developers', ',', 'infrastructure', 'DevOps', 'teams', ',', 'end-users', '.', 'The', 'engineer', 'participate', 'design', 'automated', 'solutions', ',', 'process', 'improvement', ',', 'server', 'provisioning', ',', 'capacity', 'performance', 'management', ',', 'software', 'installations', ',', 'technical', 'assistance', ',', 'server', 'security', 'management', ',', 'topology', 'recommendations', 'cost', 'control', '.', 'The', 'incumbent', 'must', 'depth', 'working', 'knowledge', 'Azure', 'Cloud', 'along', 'knowledge', 'core', 'infrastructure', 'components', 'UNIX/Linux', 'operating', 'systems', ',', 'storage', ',', 'network', ',', 'databases', ',', 'DevOps', 'tools', ',', 'scripting', 'Windows', '.']","At Delta Dental , strategy strong people execute ! We hiring individuals right today also future . We built foundation high-trust treating people dignity , making keeping commitments , consistently striving right thing . Our leaders optimistically share future possibilities inspire motivate others toward full potential . We expect employees find ways embrace positive change , curious challenge status quo , provide solutions unmet problems . Joining Delta Dental means joining culture focused fostering development , building genuine connections , recognizing �۪ strengths sharing successes . The incumbent position responsible enterprise level designing , planning , implementation support Azure Cloud environments highly collaborative fast-paced setup . The engineer 's responsibilities include cloud operations governance using best practices implementation migration critical applications data center public cloud adherence best infrastructure standards , providing support applications developers , infrastructure DevOps teams , end-users . The engineer participate design automated solutions , process improvement , server provisioning , capacity performance management , software installations , technical assistance , server security management , topology recommendations cost control . The incumbent must depth working knowledge Azure Cloud along knowledge core infrastructure components UNIX/Linux operating systems , storage , network , databases , DevOps tools , scripting Windows ."
28,-1,-1,"At EMC, you'll put your skills to good use as an important member of our team. You can count on gaining valuable experience while contributing to the company's success. EMC strives to hire and retain the best people by engaging, developing and rewarding employees.
Essential Functions:
Programs within multiple complex, inter-related systems, using techniques and languages such as C#, ASP.NET, HTML, CSS, JavaScript, JQuery, XML, REST, Java, VB, Groovy, Python, Powershell, REACT and Objective C
Designs and develops architecture for business applications and core services independently
Leads the effort for designing interfaces to complex enterprise and third-party applications","['At', 'EMC', ',', 'you', ""'ll"", 'put', 'your', 'skills', 'to', 'good', 'use', 'as', 'an', 'important', 'member', 'of', 'our', 'team', '.', 'You', 'can', 'count', 'on', 'gaining', 'valuable', 'experience', 'while', 'contributing', 'to', 'the', 'company', ""'s"", 'success', '.', 'EMC', 'strives', 'to', 'hire', 'and', 'retain', 'the', 'best', 'people', 'by', 'engaging', ',', 'developing', 'and', 'rewarding', 'employees', '.', 'Essential', 'Functions', ':', 'Programs', 'within', 'multiple', 'complex', ',', 'inter-related', 'systems', ',', 'using', 'techniques', 'and', 'languages', 'such', 'as', 'C', '#', ',', 'ASP.NET', ',', 'HTML', ',', 'CSS', ',', 'JavaScript', ',', 'JQuery', ',', 'XML', ',', 'REST', ',', 'Java', ',', 'VB', ',', 'Groovy', ',', 'Python', ',', 'Powershell', ',', 'REACT', 'and', 'Objective', 'C', 'Designs', 'and', 'develops', 'architecture', 'for', 'business', 'applications', 'and', 'core', 'services', 'independently', 'Leads', 'the', 'effort', 'for', 'designing', 'interfaces', 'to', 'complex', 'enterprise', 'and', 'third-party', 'applications']","['At', 'EMC', ',', ""'ll"", 'put', 'skills', 'good', 'use', 'important', 'member', 'team', '.', 'You', 'count', 'gaining', 'valuable', 'experience', 'contributing', 'company', ""'s"", 'success', '.', 'EMC', 'strives', 'hire', 'retain', 'best', 'people', 'engaging', ',', 'developing', 'rewarding', 'employees', '.', 'Essential', 'Functions', ':', 'Programs', 'within', 'multiple', 'complex', ',', 'inter-related', 'systems', ',', 'using', 'techniques', 'languages', 'C', '#', ',', 'ASP.NET', ',', 'HTML', ',', 'CSS', ',', 'JavaScript', ',', 'JQuery', ',', 'XML', ',', 'REST', ',', 'Java', ',', 'VB', ',', 'Groovy', ',', 'Python', ',', 'Powershell', ',', 'REACT', 'Objective', 'C', 'Designs', 'develops', 'architecture', 'business', 'applications', 'core', 'services', 'independently', 'Leads', 'effort', 'designing', 'interfaces', 'complex', 'enterprise', 'third-party', 'applications']","At EMC , 'll put skills good use important member team . You count gaining valuable experience contributing company 's success . EMC strives hire retain best people engaging , developing rewarding employees . Essential Functions : Programs within multiple complex , inter-related systems , using techniques languages C # , ASP.NET , HTML , CSS , JavaScript , JQuery , XML , REST , Java , VB , Groovy , Python , Powershell , REACT Objective C Designs develops architecture business applications core services independently Leads effort designing interfaces complex enterprise third-party applications"
17,-1,-1,"Leading the future of luxury mobility

Lucid�۪s mission is to inspire the adoption of sustainable energy by creating the most captivating luxury electric vehicles, centered around the human experience. Working at Lucid Motors means having a shared vision to power the future in revolutionary ways. Be part of a once-in-a-lifetime opportunity to transform the automotive industry.

We are currently seeking an experienced Big Data Engineer to help building up our large-scale data management system for the ADAS / Autonomous Driving team. This field allows contributions on various levels around the data pipeline and data processing, data annotation, machine learning, data ingestion, data pre-processing, integration of Deep Neural Network frameworks, efficient data search and high performance data manipulation.","['Leading', 'the', 'future', 'of', 'luxury', 'mobility', 'Lucid', '�۪', 's', 'mission', 'is', 'to', 'inspire', 'the', 'adoption', 'of', 'sustainable', 'energy', 'by', 'creating', 'the', 'most', 'captivating', 'luxury', 'electric', 'vehicles', ',', 'centered', 'around', 'the', 'human', 'experience', '.', 'Working', 'at', 'Lucid', 'Motors', 'means', 'having', 'a', 'shared', 'vision', 'to', 'power', 'the', 'future', 'in', 'revolutionary', 'ways', '.', 'Be', 'part', 'of', 'a', 'once-in-a-lifetime', 'opportunity', 'to', 'transform', 'the', 'automotive', 'industry', '.', 'We', 'are', 'currently', 'seeking', 'an', 'experienced', 'Big', 'Data', 'Engineer', 'to', 'help', 'building', 'up', 'our', 'large-scale', 'data', 'management', 'system', 'for', 'the', 'ADAS', '/', 'Autonomous', 'Driving', 'team', '.', 'This', 'field', 'allows', 'contributions', 'on', 'various', 'levels', 'around', 'the', 'data', 'pipeline', 'and', 'data', 'processing', ',', 'data', 'annotation', ',', 'machine', 'learning', ',', 'data', 'ingestion', ',', 'data', 'pre-processing', ',', 'integration', 'of', 'Deep', 'Neural', 'Network', 'frameworks', ',', 'efficient', 'data', 'search', 'and', 'high', 'performance', 'data', 'manipulation', '.']","['Leading', 'future', 'luxury', 'mobility', 'Lucid', '�۪', 'mission', 'inspire', 'adoption', 'sustainable', 'energy', 'creating', 'captivating', 'luxury', 'electric', 'vehicles', ',', 'centered', 'around', 'human', 'experience', '.', 'Working', 'Lucid', 'Motors', 'means', 'shared', 'vision', 'power', 'future', 'revolutionary', 'ways', '.', 'Be', 'part', 'once-in-a-lifetime', 'opportunity', 'transform', 'automotive', 'industry', '.', 'We', 'currently', 'seeking', 'experienced', 'Big', 'Data', 'Engineer', 'help', 'building', 'large-scale', 'data', 'management', 'system', 'ADAS', '/', 'Autonomous', 'Driving', 'team', '.', 'This', 'field', 'allows', 'contributions', 'various', 'levels', 'around', 'data', 'pipeline', 'data', 'processing', ',', 'data', 'annotation', ',', 'machine', 'learning', ',', 'data', 'ingestion', ',', 'data', 'pre-processing', ',', 'integration', 'Deep', 'Neural', 'Network', 'frameworks', ',', 'efficient', 'data', 'search', 'high', 'performance', 'data', 'manipulation', '.']","Leading future luxury mobility Lucid �۪ mission inspire adoption sustainable energy creating captivating luxury electric vehicles , centered around human experience . Working Lucid Motors means shared vision power future revolutionary ways . Be part once-in-a-lifetime opportunity transform automotive industry . We currently seeking experienced Big Data Engineer help building large-scale data management system ADAS / Autonomous Driving team . This field allows contributions various levels around data pipeline data processing , data annotation , machine learning , data ingestion , data pre-processing , integration Deep Neural Network frameworks , efficient data search high performance data manipulation ."
95,-1,-1,"Software Engineer
Skills Required:
Applicants should have technical knowledge of and experience with .NET, C#, VB, ASP, MS SQL, HTML, CSS, and JavaScript. Ideal applicants will have knowledge of programming methods and techniques, system design, database design and problem solving. Applicants should also have good interpersonal skills to establish and maintain effective working relationships and to collaborate with staff and clients. A four-year college degree is the minimum educational requirement.
What you�۪ll be doing:","['Software', 'Engineer', 'Skills', 'Required', ':', 'Applicants', 'should', 'have', 'technical', 'knowledge', 'of', 'and', 'experience', 'with', '.NET', ',', 'C', '#', ',', 'VB', ',', 'ASP', ',', 'MS', 'SQL', ',', 'HTML', ',', 'CSS', ',', 'and', 'JavaScript', '.', 'Ideal', 'applicants', 'will', 'have', 'knowledge', 'of', 'programming', 'methods', 'and', 'techniques', ',', 'system', 'design', ',', 'database', 'design', 'and', 'problem', 'solving', '.', 'Applicants', 'should', 'also', 'have', 'good', 'interpersonal', 'skills', 'to', 'establish', 'and', 'maintain', 'effective', 'working', 'relationships', 'and', 'to', 'collaborate', 'with', 'staff', 'and', 'clients', '.', 'A', 'four-year', 'college', 'degree', 'is', 'the', 'minimum', 'educational', 'requirement', '.', 'What', 'you', '�۪', 'll', 'be', 'doing', ':']","['Software', 'Engineer', 'Skills', 'Required', ':', 'Applicants', 'technical', 'knowledge', 'experience', '.NET', ',', 'C', '#', ',', 'VB', ',', 'ASP', ',', 'MS', 'SQL', ',', 'HTML', ',', 'CSS', ',', 'JavaScript', '.', 'Ideal', 'applicants', 'knowledge', 'programming', 'methods', 'techniques', ',', 'system', 'design', ',', 'database', 'design', 'problem', 'solving', '.', 'Applicants', 'also', 'good', 'interpersonal', 'skills', 'establish', 'maintain', 'effective', 'working', 'relationships', 'collaborate', 'staff', 'clients', '.', 'A', 'four-year', 'college', 'degree', 'minimum', 'educational', 'requirement', '.', 'What', '�۪', ':']","Software Engineer Skills Required : Applicants technical knowledge experience .NET , C # , VB , ASP , MS SQL , HTML , CSS , JavaScript . Ideal applicants knowledge programming methods techniques , system design , database design problem solving . Applicants also good interpersonal skills establish maintain effective working relationships collaborate staff clients . A four-year college degree minimum educational requirement . What �۪ :"
13,-1,-1,"FULL-STACK APP DEVELOPER
Deft Dynamics, a startup studio in Birmingham, Alabama, is seeking a full-stack app developer to work on-site at the Deft facility beginning April 15, 2021. The ideal candidate is a creative problem solver who can work independently on all aspects of a mobile app, and who enjoys taking customer ideas and bringing them into reality. Our applications are used to interact with and monitor electronic hardware devices either locally (e.g. using BLE) or through the internet. As these devices generate large amounts of IoT data, demonstrating an engineering mindset/approach to data collection is a plus. The candidate will be responsible for daily support and development for the Tocaro Blue application and backend, and internal prototyping and development of IoT systems. Development objectives are managed by a Project Manager at Deft who will work alongside you to manage and meet customer product goals. This is a chance to work at a fast growing start up to gain experience and learn from an experienced team. The Deft Dynamics research facility is located near Pepper Place in Downtown Birmingham, AL.","['FULL-STACK', 'APP', 'DEVELOPER', 'Deft', 'Dynamics', ',', 'a', 'startup', 'studio', 'in', 'Birmingham', ',', 'Alabama', ',', 'is', 'seeking', 'a', 'full-stack', 'app', 'developer', 'to', 'work', 'on-site', 'at', 'the', 'Deft', 'facility', 'beginning', 'April', '15', ',', '2021', '.', 'The', 'ideal', 'candidate', 'is', 'a', 'creative', 'problem', 'solver', 'who', 'can', 'work', 'independently', 'on', 'all', 'aspects', 'of', 'a', 'mobile', 'app', ',', 'and', 'who', 'enjoys', 'taking', 'customer', 'ideas', 'and', 'bringing', 'them', 'into', 'reality', '.', 'Our', 'applications', 'are', 'used', 'to', 'interact', 'with', 'and', 'monitor', 'electronic', 'hardware', 'devices', 'either', 'locally', '(', 'e.g', '.', 'using', 'BLE', ')', 'or', 'through', 'the', 'internet', '.', 'As', 'these', 'devices', 'generate', 'large', 'amounts', 'of', 'IoT', 'data', ',', 'demonstrating', 'an', 'engineering', 'mindset/approach', 'to', 'data', 'collection', 'is', 'a', 'plus', '.', 'The', 'candidate', 'will', 'be', 'responsible', 'for', 'daily', 'support', 'and', 'development', 'for', 'the', 'Tocaro', 'Blue', 'application', 'and', 'backend', ',', 'and', 'internal', 'prototyping', 'and', 'development', 'of', 'IoT', 'systems', '.', 'Development', 'objectives', 'are', 'managed', 'by', 'a', 'Project', 'Manager', 'at', 'Deft', 'who', 'will', 'work', 'alongside', 'you', 'to', 'manage', 'and', 'meet', 'customer', 'product', 'goals', '.', 'This', 'is', 'a', 'chance', 'to', 'work', 'at', 'a', 'fast', 'growing', 'start', 'up', 'to', 'gain', 'experience', 'and', 'learn', 'from', 'an', 'experienced', 'team', '.', 'The', 'Deft', 'Dynamics', 'research', 'facility', 'is', 'located', 'near', 'Pepper', 'Place', 'in', 'Downtown', 'Birmingham', ',', 'AL', '.']","['FULL-STACK', 'APP', 'DEVELOPER', 'Deft', 'Dynamics', ',', 'startup', 'studio', 'Birmingham', ',', 'Alabama', ',', 'seeking', 'full-stack', 'app', 'developer', 'work', 'on-site', 'Deft', 'facility', 'beginning', 'April', '15', ',', '2021', '.', 'The', 'ideal', 'candidate', 'creative', 'problem', 'solver', 'work', 'independently', 'aspects', 'mobile', 'app', ',', 'enjoys', 'taking', 'customer', 'ideas', 'bringing', 'reality', '.', 'Our', 'applications', 'used', 'interact', 'monitor', 'electronic', 'hardware', 'devices', 'either', 'locally', '(', 'e.g', '.', 'using', 'BLE', ')', 'internet', '.', 'As', 'devices', 'generate', 'large', 'amounts', 'IoT', 'data', ',', 'demonstrating', 'engineering', 'mindset/approach', 'data', 'collection', 'plus', '.', 'The', 'candidate', 'responsible', 'daily', 'support', 'development', 'Tocaro', 'Blue', 'application', 'backend', ',', 'internal', 'prototyping', 'development', 'IoT', 'systems', '.', 'Development', 'objectives', 'managed', 'Project', 'Manager', 'Deft', 'work', 'alongside', 'manage', 'meet', 'customer', 'product', 'goals', '.', 'This', 'chance', 'work', 'fast', 'growing', 'start', 'gain', 'experience', 'learn', 'experienced', 'team', '.', 'The', 'Deft', 'Dynamics', 'research', 'facility', 'located', 'near', 'Pepper', 'Place', 'Downtown', 'Birmingham', ',', 'AL', '.']","FULL-STACK APP DEVELOPER Deft Dynamics , startup studio Birmingham , Alabama , seeking full-stack app developer work on-site Deft facility beginning April 15 , 2021 . The ideal candidate creative problem solver work independently aspects mobile app , enjoys taking customer ideas bringing reality . Our applications used interact monitor electronic hardware devices either locally ( e.g . using BLE ) internet . As devices generate large amounts IoT data , demonstrating engineering mindset/approach data collection plus . The candidate responsible daily support development Tocaro Blue application backend , internal prototyping development IoT systems . Development objectives managed Project Manager Deft work alongside manage meet customer product goals . This chance work fast growing start gain experience learn experienced team . The Deft Dynamics research facility located near Pepper Place Downtown Birmingham , AL ."
28,-1,-1,"A SAAS company in Grand Rapids is looking for a .NET Developer to join their growing team. You will be working collaboratively to design, build and test functionality on their core product.
You will be using cutting edge technology. (.net core, C#, React). If you don�۪t have experience with newer JavaScript frameworks- no problem! They are more than happy to get the right person up to speed.
Can pay 100k!
Requirements
2+ Years of professional web development
C#","['A', 'SAAS', 'company', 'in', 'Grand', 'Rapids', 'is', 'looking', 'for', 'a', '.NET', 'Developer', 'to', 'join', 'their', 'growing', 'team', '.', 'You', 'will', 'be', 'working', 'collaboratively', 'to', 'design', ',', 'build', 'and', 'test', 'functionality', 'on', 'their', 'core', 'product', '.', 'You', 'will', 'be', 'using', 'cutting', 'edge', 'technology', '.', '(', '.net', 'core', ',', 'C', '#', ',', 'React', ')', '.', 'If', 'you', 'don', '�۪', 't', 'have', 'experience', 'with', 'newer', 'JavaScript', 'frameworks-', 'no', 'problem', '!', 'They', 'are', 'more', 'than', 'happy', 'to', 'get', 'the', 'right', 'person', 'up', 'to', 'speed', '.', 'Can', 'pay', '100k', '!', 'Requirements', '2+', 'Years', 'of', 'professional', 'web', 'development', 'C', '#']","['A', 'SAAS', 'company', 'Grand', 'Rapids', 'looking', '.NET', 'Developer', 'join', 'growing', 'team', '.', 'You', 'working', 'collaboratively', 'design', ',', 'build', 'test', 'functionality', 'core', 'product', '.', 'You', 'using', 'cutting', 'edge', 'technology', '.', '(', '.net', 'core', ',', 'C', '#', ',', 'React', ')', '.', 'If', '�۪', 'experience', 'newer', 'JavaScript', 'frameworks-', 'problem', '!', 'They', 'happy', 'get', 'right', 'person', 'speed', '.', 'Can', 'pay', '100k', '!', 'Requirements', '2+', 'Years', 'professional', 'web', 'development', 'C', '#']","A SAAS company Grand Rapids looking .NET Developer join growing team . You working collaboratively design , build test functionality core product . You using cutting edge technology . ( .net core , C # , React ) . If �۪ experience newer JavaScript frameworks- problem ! They happy get right person speed . Can pay 100k ! Requirements 2+ Years professional web development C #"
49,-1,-1,"Solution Agency is looking for a dedicated and experienced Wordpress web developer to join our growing team. For 25+ years Solution Agency has been providing custom design and programming services to businesses of all sizes. We offer health and dental insurance with bonuses for outstanding work performance.
Specific Skills
Good understanding of front-end technologies, including HTML5, CSS3, JavaScript, jQuery.
Advanced knowledge of WordPress and WooCommerce.
Knowledge of version control systems.
Ecommerce experience.","['Solution', 'Agency', 'is', 'looking', 'for', 'a', 'dedicated', 'and', 'experienced', 'Wordpress', 'web', 'developer', 'to', 'join', 'our', 'growing', 'team', '.', 'For', '25+', 'years', 'Solution', 'Agency', 'has', 'been', 'providing', 'custom', 'design', 'and', 'programming', 'services', 'to', 'businesses', 'of', 'all', 'sizes', '.', 'We', 'offer', 'health', 'and', 'dental', 'insurance', 'with', 'bonuses', 'for', 'outstanding', 'work', 'performance', '.', 'Specific', 'Skills', 'Good', 'understanding', 'of', 'front-end', 'technologies', ',', 'including', 'HTML5', ',', 'CSS3', ',', 'JavaScript', ',', 'jQuery', '.', 'Advanced', 'knowledge', 'of', 'WordPress', 'and', 'WooCommerce', '.', 'Knowledge', 'of', 'version', 'control', 'systems', '.', 'Ecommerce', 'experience', '.']","['Solution', 'Agency', 'looking', 'dedicated', 'experienced', 'Wordpress', 'web', 'developer', 'join', 'growing', 'team', '.', 'For', '25+', 'years', 'Solution', 'Agency', 'providing', 'custom', 'design', 'programming', 'services', 'businesses', 'sizes', '.', 'We', 'offer', 'health', 'dental', 'insurance', 'bonuses', 'outstanding', 'work', 'performance', '.', 'Specific', 'Skills', 'Good', 'understanding', 'front-end', 'technologies', ',', 'including', 'HTML5', ',', 'CSS3', ',', 'JavaScript', ',', 'jQuery', '.', 'Advanced', 'knowledge', 'WordPress', 'WooCommerce', '.', 'Knowledge', 'version', 'control', 'systems', '.', 'Ecommerce', 'experience', '.']","Solution Agency looking dedicated experienced Wordpress web developer join growing team . For 25+ years Solution Agency providing custom design programming services businesses sizes . We offer health dental insurance bonuses outstanding work performance . Specific Skills Good understanding front-end technologies , including HTML5 , CSS3 , JavaScript , jQuery . Advanced knowledge WordPress WooCommerce . Knowledge version control systems . Ecommerce experience ."
87,-1,-1,"NexImmune is a clinical-stage biotechnology company developing a novel approach to immunotherapy designed to employ the body�۪s own T cells to generate a specific, potent, and durable immune response that mimics natural biology. We are seeking highly skilled and motivated individuals to join an entrepreneurial team of experienced professionals dedicated to science, patients and addressing diseases with significant unmet need. We are a company with an uncompromising commitment to shared values, a strong work ethic, and respect for individuals. We set clear expectations, empower people to succeed, and reward results. Our executive team, Board of Directors, and investors include several successful industry veterans committed to building an exceptional company capable of transforming the field of immunotherapy.
The backbone of NexImmune�۪s approach is its proprietary Artificial Immune Modulation (AIMTM) nanoparticle technology platform. The AIM technology enables NexImmune to construct nanoparticles that function as synthetic dendritic cells capable of directing a specific T cell-mediated immune response. By mimicking natural T cell biology, NexImmune�۪s T cell product candidates are designed to combine the attributes of cellular precision, potency, and persistence with reduced potential for undesired toxicities.","['NexImmune', 'is', 'a', 'clinical-stage', 'biotechnology', 'company', 'developing', 'a', 'novel', 'approach', 'to', 'immunotherapy', 'designed', 'to', 'employ', 'the', 'body', '�۪', 's', 'own', 'T', 'cells', 'to', 'generate', 'a', 'specific', ',', 'potent', ',', 'and', 'durable', 'immune', 'response', 'that', 'mimics', 'natural', 'biology', '.', 'We', 'are', 'seeking', 'highly', 'skilled', 'and', 'motivated', 'individuals', 'to', 'join', 'an', 'entrepreneurial', 'team', 'of', 'experienced', 'professionals', 'dedicated', 'to', 'science', ',', 'patients', 'and', 'addressing', 'diseases', 'with', 'significant', 'unmet', 'need', '.', 'We', 'are', 'a', 'company', 'with', 'an', 'uncompromising', 'commitment', 'to', 'shared', 'values', ',', 'a', 'strong', 'work', 'ethic', ',', 'and', 'respect', 'for', 'individuals', '.', 'We', 'set', 'clear', 'expectations', ',', 'empower', 'people', 'to', 'succeed', ',', 'and', 'reward', 'results', '.', 'Our', 'executive', 'team', ',', 'Board', 'of', 'Directors', ',', 'and', 'investors', 'include', 'several', 'successful', 'industry', 'veterans', 'committed', 'to', 'building', 'an', 'exceptional', 'company', 'capable', 'of', 'transforming', 'the', 'field', 'of', 'immunotherapy', '.', 'The', 'backbone', 'of', 'NexImmune', '�۪', 's', 'approach', 'is', 'its', 'proprietary', 'Artificial', 'Immune', 'Modulation', '(', 'AIMTM', ')', 'nanoparticle', 'technology', 'platform', '.', 'The', 'AIM', 'technology', 'enables', 'NexImmune', 'to', 'construct', 'nanoparticles', 'that', 'function', 'as', 'synthetic', 'dendritic', 'cells', 'capable', 'of', 'directing', 'a', 'specific', 'T', 'cell-mediated', 'immune', 'response', '.', 'By', 'mimicking', 'natural', 'T', 'cell', 'biology', ',', 'NexImmune', '�۪', 's', 'T', 'cell', 'product', 'candidates', 'are', 'designed', 'to', 'combine', 'the', 'attributes', 'of', 'cellular', 'precision', ',', 'potency', ',', 'and', 'persistence', 'with', 'reduced', 'potential', 'for', 'undesired', 'toxicities', '.']","['NexImmune', 'clinical-stage', 'biotechnology', 'company', 'developing', 'novel', 'approach', 'immunotherapy', 'designed', 'employ', 'body', '�۪', 'T', 'cells', 'generate', 'specific', ',', 'potent', ',', 'durable', 'immune', 'response', 'mimics', 'natural', 'biology', '.', 'We', 'seeking', 'highly', 'skilled', 'motivated', 'individuals', 'join', 'entrepreneurial', 'team', 'experienced', 'professionals', 'dedicated', 'science', ',', 'patients', 'addressing', 'diseases', 'significant', 'unmet', 'need', '.', 'We', 'company', 'uncompromising', 'commitment', 'shared', 'values', ',', 'strong', 'work', 'ethic', ',', 'respect', 'individuals', '.', 'We', 'set', 'clear', 'expectations', ',', 'empower', 'people', 'succeed', ',', 'reward', 'results', '.', 'Our', 'executive', 'team', ',', 'Board', 'Directors', ',', 'investors', 'include', 'several', 'successful', 'industry', 'veterans', 'committed', 'building', 'exceptional', 'company', 'capable', 'transforming', 'field', 'immunotherapy', '.', 'The', 'backbone', 'NexImmune', '�۪', 'approach', 'proprietary', 'Artificial', 'Immune', 'Modulation', '(', 'AIMTM', ')', 'nanoparticle', 'technology', 'platform', '.', 'The', 'AIM', 'technology', 'enables', 'NexImmune', 'construct', 'nanoparticles', 'function', 'synthetic', 'dendritic', 'cells', 'capable', 'directing', 'specific', 'T', 'cell-mediated', 'immune', 'response', '.', 'By', 'mimicking', 'natural', 'T', 'cell', 'biology', ',', 'NexImmune', '�۪', 'T', 'cell', 'product', 'candidates', 'designed', 'combine', 'attributes', 'cellular', 'precision', ',', 'potency', ',', 'persistence', 'reduced', 'potential', 'undesired', 'toxicities', '.']","NexImmune clinical-stage biotechnology company developing novel approach immunotherapy designed employ body �۪ T cells generate specific , potent , durable immune response mimics natural biology . We seeking highly skilled motivated individuals join entrepreneurial team experienced professionals dedicated science , patients addressing diseases significant unmet need . We company uncompromising commitment shared values , strong work ethic , respect individuals . We set clear expectations , empower people succeed , reward results . Our executive team , Board Directors , investors include several successful industry veterans committed building exceptional company capable transforming field immunotherapy . The backbone NexImmune �۪ approach proprietary Artificial Immune Modulation ( AIMTM ) nanoparticle technology platform . The AIM technology enables NexImmune construct nanoparticles function synthetic dendritic cells capable directing specific T cell-mediated immune response . By mimicking natural T cell biology , NexImmune �۪ T cell product candidates designed combine attributes cellular precision , potency , persistence reduced potential undesired toxicities ."
88,-1,-1,"YOUR RESPONSIBILITIES:
The Sr. Web Applications Developer will be responsible for design, development, testing, implementing, and maintaining web application and services based on Microsoft full stack web technologies for Mann+Hummel. You should be a team player, excellent communicator and passionate about the .NET framework and software design/architecture.
- Follow PMO project processes
- Gather User requirements, analyze and document
- Work with IT and business owners to brainstorm and design solutions","['YOUR', 'RESPONSIBILITIES', ':', 'The', 'Sr', '.', 'Web', 'Applications', 'Developer', 'will', 'be', 'responsible', 'for', 'design', ',', 'development', ',', 'testing', ',', 'implementing', ',', 'and', 'maintaining', 'web', 'application', 'and', 'services', 'based', 'on', 'Microsoft', 'full', 'stack', 'web', 'technologies', 'for', 'Mann+Hummel', '.', 'You', 'should', 'be', 'a', 'team', 'player', ',', 'excellent', 'communicator', 'and', 'passionate', 'about', 'the', '.NET', 'framework', 'and', 'software', 'design/architecture', '.', '-', 'Follow', 'PMO', 'project', 'processes', '-', 'Gather', 'User', 'requirements', ',', 'analyze', 'and', 'document', '-', 'Work', 'with', 'IT', 'and', 'business', 'owners', 'to', 'brainstorm', 'and', 'design', 'solutions']","['YOUR', 'RESPONSIBILITIES', ':', 'The', 'Sr', '.', 'Web', 'Applications', 'Developer', 'responsible', 'design', ',', 'development', ',', 'testing', ',', 'implementing', ',', 'maintaining', 'web', 'application', 'services', 'based', 'Microsoft', 'full', 'stack', 'web', 'technologies', 'Mann+Hummel', '.', 'You', 'team', 'player', ',', 'excellent', 'communicator', 'passionate', '.NET', 'framework', 'software', 'design/architecture', '.', '-', 'Follow', 'PMO', 'project', 'processes', '-', 'Gather', 'User', 'requirements', ',', 'analyze', 'document', '-', 'Work', 'IT', 'business', 'owners', 'brainstorm', 'design', 'solutions']","YOUR RESPONSIBILITIES : The Sr . Web Applications Developer responsible design , development , testing , implementing , maintaining web application services based Microsoft full stack web technologies Mann+Hummel . You team player , excellent communicator passionate .NET framework software design/architecture . - Follow PMO project processes - Gather User requirements , analyze document - Work IT business owners brainstorm design solutions"
92,-1,-1,"Sugiyo USA, Inc. is currently looking for an innovative and high energy Marketing Coordinator to join our growing team. Someone with fresh perspectives and innovative ideas to take a proven marketing strategy and transform our marketing tactics and digital media. This person should be eager to help us take advantage of the rapidly changing opportunities in the food industry.
Duties and Responsibilities:
Must be able to support our sales team with online and social media marketing tools.
Basic understanding of the difference between B2B & B2C marketing.
Technical execution of digital marketing.","['Sugiyo', 'USA', ',', 'Inc.', 'is', 'currently', 'looking', 'for', 'an', 'innovative', 'and', 'high', 'energy', 'Marketing', 'Coordinator', 'to', 'join', 'our', 'growing', 'team', '.', 'Someone', 'with', 'fresh', 'perspectives', 'and', 'innovative', 'ideas', 'to', 'take', 'a', 'proven', 'marketing', 'strategy', 'and', 'transform', 'our', 'marketing', 'tactics', 'and', 'digital', 'media', '.', 'This', 'person', 'should', 'be', 'eager', 'to', 'help', 'us', 'take', 'advantage', 'of', 'the', 'rapidly', 'changing', 'opportunities', 'in', 'the', 'food', 'industry', '.', 'Duties', 'and', 'Responsibilities', ':', 'Must', 'be', 'able', 'to', 'support', 'our', 'sales', 'team', 'with', 'online', 'and', 'social', 'media', 'marketing', 'tools', '.', 'Basic', 'understanding', 'of', 'the', 'difference', 'between', 'B2B', '&', 'B2C', 'marketing', '.', 'Technical', 'execution', 'of', 'digital', 'marketing', '.']","['Sugiyo', 'USA', ',', 'Inc.', 'currently', 'looking', 'innovative', 'high', 'energy', 'Marketing', 'Coordinator', 'join', 'growing', 'team', '.', 'Someone', 'fresh', 'perspectives', 'innovative', 'ideas', 'take', 'proven', 'marketing', 'strategy', 'transform', 'marketing', 'tactics', 'digital', 'media', '.', 'This', 'person', 'eager', 'help', 'us', 'take', 'advantage', 'rapidly', 'changing', 'opportunities', 'food', 'industry', '.', 'Duties', 'Responsibilities', ':', 'Must', 'able', 'support', 'sales', 'team', 'online', 'social', 'media', 'marketing', 'tools', '.', 'Basic', 'understanding', 'difference', 'B2B', '&', 'B2C', 'marketing', '.', 'Technical', 'execution', 'digital', 'marketing', '.']","Sugiyo USA , Inc. currently looking innovative high energy Marketing Coordinator join growing team . Someone fresh perspectives innovative ideas take proven marketing strategy transform marketing tactics digital media . This person eager help us take advantage rapidly changing opportunities food industry . Duties Responsibilities : Must able support sales team online social media marketing tools . Basic understanding difference B2B & B2C marketing . Technical execution digital marketing ."
5,-1,-1,"Overview
Alliant is seeking a Senior Data Scientist to join its Data Science team to build predictive machine learning models and perform customer segmentation. The ideal candidate will be data-curious and willing to participate with a team driven to provide direct and digital marketing clients with innovative, profit-building solutions. The successful candidate will have a wide-range of experience building machine learning models and presenting the results to marketing teams and senior management. Additionally, candidates should be highly experienced with Python, SAS, large-scale databases, web analytics and data manipulation. This position will report to the Vice President of Data Science and become a key contributor to a skilled predictive modeling and analytics team.
Principal Responsibilities:","['Overview', 'Alliant', 'is', 'seeking', 'a', 'Senior', 'Data', 'Scientist', 'to', 'join', 'its', 'Data', 'Science', 'team', 'to', 'build', 'predictive', 'machine', 'learning', 'models', 'and', 'perform', 'customer', 'segmentation', '.', 'The', 'ideal', 'candidate', 'will', 'be', 'data-curious', 'and', 'willing', 'to', 'participate', 'with', 'a', 'team', 'driven', 'to', 'provide', 'direct', 'and', 'digital', 'marketing', 'clients', 'with', 'innovative', ',', 'profit-building', 'solutions', '.', 'The', 'successful', 'candidate', 'will', 'have', 'a', 'wide-range', 'of', 'experience', 'building', 'machine', 'learning', 'models', 'and', 'presenting', 'the', 'results', 'to', 'marketing', 'teams', 'and', 'senior', 'management', '.', 'Additionally', ',', 'candidates', 'should', 'be', 'highly', 'experienced', 'with', 'Python', ',', 'SAS', ',', 'large-scale', 'databases', ',', 'web', 'analytics', 'and', 'data', 'manipulation', '.', 'This', 'position', 'will', 'report', 'to', 'the', 'Vice', 'President', 'of', 'Data', 'Science', 'and', 'become', 'a', 'key', 'contributor', 'to', 'a', 'skilled', 'predictive', 'modeling', 'and', 'analytics', 'team', '.', 'Principal', 'Responsibilities', ':']","['Overview', 'Alliant', 'seeking', 'Senior', 'Data', 'Scientist', 'join', 'Data', 'Science', 'team', 'build', 'predictive', 'machine', 'learning', 'models', 'perform', 'customer', 'segmentation', '.', 'The', 'ideal', 'candidate', 'data-curious', 'willing', 'participate', 'team', 'driven', 'provide', 'direct', 'digital', 'marketing', 'clients', 'innovative', ',', 'profit-building', 'solutions', '.', 'The', 'successful', 'candidate', 'wide-range', 'experience', 'building', 'machine', 'learning', 'models', 'presenting', 'results', 'marketing', 'teams', 'senior', 'management', '.', 'Additionally', ',', 'candidates', 'highly', 'experienced', 'Python', ',', 'SAS', ',', 'large-scale', 'databases', ',', 'web', 'analytics', 'data', 'manipulation', '.', 'This', 'position', 'report', 'Vice', 'President', 'Data', 'Science', 'become', 'key', 'contributor', 'skilled', 'predictive', 'modeling', 'analytics', 'team', '.', 'Principal', 'Responsibilities', ':']","Overview Alliant seeking Senior Data Scientist join Data Science team build predictive machine learning models perform customer segmentation . The ideal candidate data-curious willing participate team driven provide direct digital marketing clients innovative , profit-building solutions . The successful candidate wide-range experience building machine learning models presenting results marketing teams senior management . Additionally , candidates highly experienced Python , SAS , large-scale databases , web analytics data manipulation . This position report Vice President Data Science become key contributor skilled predictive modeling analytics team . Principal Responsibilities :"
59,-1,-1,"The Data Analyst will provide support to the Human Resource department and compliance by obtaining and using clinical data from multiple sources to support quality initiatives through analysis of data and preparation of reports
Qualifications: The Data Analyst must have a high school diploma (Associate or Bachelor's Degree preferred), previous related experience and /or training; or equivalent combination of education and experience. Further job requirements:
�� Microsoft Excel super user possessing the ability to produce spreadsheets, graphs, pivot tables and charts
�� Must be familiar with Microsoft Word and PowerPoint
�� Strong Analytical skills, strong personal computer skills","['The', 'Data', 'Analyst', 'will', 'provide', 'support', 'to', 'the', 'Human', 'Resource', 'department', 'and', 'compliance', 'by', 'obtaining', 'and', 'using', 'clinical', 'data', 'from', 'multiple', 'sources', 'to', 'support', 'quality', 'initiatives', 'through', 'analysis', 'of', 'data', 'and', 'preparation', 'of', 'reports', 'Qualifications', ':', 'The', 'Data', 'Analyst', 'must', 'have', 'a', 'high', 'school', 'diploma', '(', 'Associate', 'or', 'Bachelor', ""'s"", 'Degree', 'preferred', ')', ',', 'previous', 'related', 'experience', 'and', '/or', 'training', ';', 'or', 'equivalent', 'combination', 'of', 'education', 'and', 'experience', '.', 'Further', 'job', 'requirements', ':', '��', 'Microsoft', 'Excel', 'super', 'user', 'possessing', 'the', 'ability', 'to', 'produce', 'spreadsheets', ',', 'graphs', ',', 'pivot', 'tables', 'and', 'charts', '��', 'Must', 'be', 'familiar', 'with', 'Microsoft', 'Word', 'and', 'PowerPoint', '��', 'Strong', 'Analytical', 'skills', ',', 'strong', 'personal', 'computer', 'skills']","['The', 'Data', 'Analyst', 'provide', 'support', 'Human', 'Resource', 'department', 'compliance', 'obtaining', 'using', 'clinical', 'data', 'multiple', 'sources', 'support', 'quality', 'initiatives', 'analysis', 'data', 'preparation', 'reports', 'Qualifications', ':', 'The', 'Data', 'Analyst', 'must', 'high', 'school', 'diploma', '(', 'Associate', 'Bachelor', ""'s"", 'Degree', 'preferred', ')', ',', 'previous', 'related', 'experience', '/or', 'training', ';', 'equivalent', 'combination', 'education', 'experience', '.', 'Further', 'job', 'requirements', ':', '��', 'Microsoft', 'Excel', 'super', 'user', 'possessing', 'ability', 'produce', 'spreadsheets', ',', 'graphs', ',', 'pivot', 'tables', 'charts', '��', 'Must', 'familiar', 'Microsoft', 'Word', 'PowerPoint', '��', 'Strong', 'Analytical', 'skills', ',', 'strong', 'personal', 'computer', 'skills']","The Data Analyst provide support Human Resource department compliance obtaining using clinical data multiple sources support quality initiatives analysis data preparation reports Qualifications : The Data Analyst must high school diploma ( Associate Bachelor 's Degree preferred ) , previous related experience /or training ; equivalent combination education experience . Further job requirements : �� Microsoft Excel super user possessing ability produce spreadsheets , graphs , pivot tables charts �� Must familiar Microsoft Word PowerPoint �� Strong Analytical skills , strong personal computer skills"
11,-1,-1,"MicroXpress, a leader in outsourced business IT services, is currently seeking an experienced Network Engineer to help support an existing client base in the West Shore and Harrisburg areas. Qualified applicants should have 1+ years of relevant networking experience in a Microsoft environment. Familiarity with HyperV and/or security products is a plus. Business hours are Monday-Friday 8:00am-5:00pm. Local travel and the ability to work-from-home required. Individuals must be responsible, attentive, and able to work well with end-users to resolve issues. Salary range for this position is $30k-$45k depending on experience. Full time benefits provided. Qualified candidates should reside in the West Shore or Harrisburg areas.
Job Type: Full-time
Pay: $30,000.00 - $45,000.00 per year","['MicroXpress', ',', 'a', 'leader', 'in', 'outsourced', 'business', 'IT', 'services', ',', 'is', 'currently', 'seeking', 'an', 'experienced', 'Network', 'Engineer', 'to', 'help', 'support', 'an', 'existing', 'client', 'base', 'in', 'the', 'West', 'Shore', 'and', 'Harrisburg', 'areas', '.', 'Qualified', 'applicants', 'should', 'have', '1+', 'years', 'of', 'relevant', 'networking', 'experience', 'in', 'a', 'Microsoft', 'environment', '.', 'Familiarity', 'with', 'HyperV', 'and/or', 'security', 'products', 'is', 'a', 'plus', '.', 'Business', 'hours', 'are', 'Monday-Friday', '8:00am-5:00pm', '.', 'Local', 'travel', 'and', 'the', 'ability', 'to', 'work-from-home', 'required', '.', 'Individuals', 'must', 'be', 'responsible', ',', 'attentive', ',', 'and', 'able', 'to', 'work', 'well', 'with', 'end-users', 'to', 'resolve', 'issues', '.', 'Salary', 'range', 'for', 'this', 'position', 'is', '$', '30k-', '$', '45k', 'depending', 'on', 'experience', '.', 'Full', 'time', 'benefits', 'provided', '.', 'Qualified', 'candidates', 'should', 'reside', 'in', 'the', 'West', 'Shore', 'or', 'Harrisburg', 'areas', '.', 'Job', 'Type', ':', 'Full-time', 'Pay', ':', '$', '30,000.00', '-', '$', '45,000.00', 'per', 'year']","['MicroXpress', ',', 'leader', 'outsourced', 'business', 'IT', 'services', ',', 'currently', 'seeking', 'experienced', 'Network', 'Engineer', 'help', 'support', 'existing', 'client', 'base', 'West', 'Shore', 'Harrisburg', 'areas', '.', 'Qualified', 'applicants', '1+', 'years', 'relevant', 'networking', 'experience', 'Microsoft', 'environment', '.', 'Familiarity', 'HyperV', 'and/or', 'security', 'products', 'plus', '.', 'Business', 'hours', 'Monday-Friday', '8:00am-5:00pm', '.', 'Local', 'travel', 'ability', 'work-from-home', 'required', '.', 'Individuals', 'must', 'responsible', ',', 'attentive', ',', 'able', 'work', 'well', 'end-users', 'resolve', 'issues', '.', 'Salary', 'range', 'position', '$', '30k-', '$', '45k', 'depending', 'experience', '.', 'Full', 'time', 'benefits', 'provided', '.', 'Qualified', 'candidates', 'reside', 'West', 'Shore', 'Harrisburg', 'areas', '.', 'Job', 'Type', ':', 'Full-time', 'Pay', ':', '$', '30,000.00', '-', '$', '45,000.00', 'per', 'year']","MicroXpress , leader outsourced business IT services , currently seeking experienced Network Engineer help support existing client base West Shore Harrisburg areas . Qualified applicants 1+ years relevant networking experience Microsoft environment . Familiarity HyperV and/or security products plus . Business hours Monday-Friday 8:00am-5:00pm . Local travel ability work-from-home required . Individuals must responsible , attentive , able work well end-users resolve issues . Salary range position $ 30k- $ 45k depending experience . Full time benefits provided . Qualified candidates reside West Shore Harrisburg areas . Job Type : Full-time Pay : $ 30,000.00 - $ 45,000.00 per year"
16,-1,-1,"Managed Services - Network Engineer
Workgroup Technology Partners (WGTech) is one of Northern New England�۪s most progressive business technology providers. We take an honest, upfront philosophy to serving our customers. We care about their success and that shows in our professional, flexible approach to doing business.
We�۪re growing and looking for the right person to join our winning team.
Job Summary:
The Network Engineer will be responsible for implementing and supporting Cisco LAN/WAN and VPN networks and working to deliver superior customer support by performing consulting, solutions engineering and technical support. The ideal candidate will be able to work independently or as part of a team to meet critical implementation deadlines and perform troubleshooting of complex networks.","['Managed', 'Services', '-', 'Network', 'Engineer', 'Workgroup', 'Technology', 'Partners', '(', 'WGTech', ')', 'is', 'one', 'of', 'Northern', 'New', 'England', '�۪', 's', 'most', 'progressive', 'business', 'technology', 'providers', '.', 'We', 'take', 'an', 'honest', ',', 'upfront', 'philosophy', 'to', 'serving', 'our', 'customers', '.', 'We', 'care', 'about', 'their', 'success', 'and', 'that', 'shows', 'in', 'our', 'professional', ',', 'flexible', 'approach', 'to', 'doing', 'business', '.', 'We', '�۪', 're', 'growing', 'and', 'looking', 'for', 'the', 'right', 'person', 'to', 'join', 'our', 'winning', 'team', '.', 'Job', 'Summary', ':', 'The', 'Network', 'Engineer', 'will', 'be', 'responsible', 'for', 'implementing', 'and', 'supporting', 'Cisco', 'LAN/WAN', 'and', 'VPN', 'networks', 'and', 'working', 'to', 'deliver', 'superior', 'customer', 'support', 'by', 'performing', 'consulting', ',', 'solutions', 'engineering', 'and', 'technical', 'support', '.', 'The', 'ideal', 'candidate', 'will', 'be', 'able', 'to', 'work', 'independently', 'or', 'as', 'part', 'of', 'a', 'team', 'to', 'meet', 'critical', 'implementation', 'deadlines', 'and', 'perform', 'troubleshooting', 'of', 'complex', 'networks', '.']","['Managed', 'Services', '-', 'Network', 'Engineer', 'Workgroup', 'Technology', 'Partners', '(', 'WGTech', ')', 'one', 'Northern', 'New', 'England', '�۪', 'progressive', 'business', 'technology', 'providers', '.', 'We', 'take', 'honest', ',', 'upfront', 'philosophy', 'serving', 'customers', '.', 'We', 'care', 'success', 'shows', 'professional', ',', 'flexible', 'approach', 'business', '.', 'We', '�۪', 'growing', 'looking', 'right', 'person', 'join', 'winning', 'team', '.', 'Job', 'Summary', ':', 'The', 'Network', 'Engineer', 'responsible', 'implementing', 'supporting', 'Cisco', 'LAN/WAN', 'VPN', 'networks', 'working', 'deliver', 'superior', 'customer', 'support', 'performing', 'consulting', ',', 'solutions', 'engineering', 'technical', 'support', '.', 'The', 'ideal', 'candidate', 'able', 'work', 'independently', 'part', 'team', 'meet', 'critical', 'implementation', 'deadlines', 'perform', 'troubleshooting', 'complex', 'networks', '.']","Managed Services - Network Engineer Workgroup Technology Partners ( WGTech ) one Northern New England �۪ progressive business technology providers . We take honest , upfront philosophy serving customers . We care success shows professional , flexible approach business . We �۪ growing looking right person join winning team . Job Summary : The Network Engineer responsible implementing supporting Cisco LAN/WAN VPN networks working deliver superior customer support performing consulting , solutions engineering technical support . The ideal candidate able work independently part team meet critical implementation deadlines perform troubleshooting complex networks ."
79,-1,-1,"Position : Kubernetes Engineer/Architect
Location : Tampa, FL
Duration : fulltime
Job description :
Mandatory skill ���
Deep understanding of k8s architecture with strong basics of Docker concepts & virtualization. 30%
Hands on experience with Big Data tools HDFS/Spark/Kerberos etc. Cloudera Hadoop or MapR Distribution exposure preferred. ��� 30%
Understanding of Docker containers and ability to author Docker images /Understanding of Kubernetes/ OpenShift/Service Mesh and shared storage technologies like NAS/ SAN ��� 30%","['Position', ':', 'Kubernetes', 'Engineer/Architect', 'Location', ':', 'Tampa', ',', 'FL', 'Duration', ':', 'fulltime', 'Job', 'description', ':', 'Mandatory', 'skill', '���', 'Deep', 'understanding', 'of', 'k8s', 'architecture', 'with', 'strong', 'basics', 'of', 'Docker', 'concepts', '&', 'virtualization', '.', '30', '%', 'Hands', 'on', 'experience', 'with', 'Big', 'Data', 'tools', 'HDFS/Spark/Kerberos', 'etc', '.', 'Cloudera', 'Hadoop', 'or', 'MapR', 'Distribution', 'exposure', 'preferred', '.', '���', '30', '%', 'Understanding', 'of', 'Docker', 'containers', 'and', 'ability', 'to', 'author', 'Docker', 'images', '/Understanding', 'of', 'Kubernetes/', 'OpenShift/Service', 'Mesh', 'and', 'shared', 'storage', 'technologies', 'like', 'NAS/', 'SAN', '���', '30', '%']","['Position', ':', 'Kubernetes', 'Engineer/Architect', 'Location', ':', 'Tampa', ',', 'FL', 'Duration', ':', 'fulltime', 'Job', 'description', ':', 'Mandatory', 'skill', '���', 'Deep', 'understanding', 'k8s', 'architecture', 'strong', 'basics', 'Docker', 'concepts', '&', 'virtualization', '.', '30', '%', 'Hands', 'experience', 'Big', 'Data', 'tools', 'HDFS/Spark/Kerberos', 'etc', '.', 'Cloudera', 'Hadoop', 'MapR', 'Distribution', 'exposure', 'preferred', '.', '���', '30', '%', 'Understanding', 'Docker', 'containers', 'ability', 'author', 'Docker', 'images', '/Understanding', 'Kubernetes/', 'OpenShift/Service', 'Mesh', 'shared', 'storage', 'technologies', 'like', 'NAS/', 'SAN', '���', '30', '%']","Position : Kubernetes Engineer/Architect Location : Tampa , FL Duration : fulltime Job description : Mandatory skill ��� Deep understanding k8s architecture strong basics Docker concepts & virtualization . 30 % Hands experience Big Data tools HDFS/Spark/Kerberos etc . Cloudera Hadoop MapR Distribution exposure preferred . ��� 30 % Understanding Docker containers ability author Docker images /Understanding Kubernetes/ OpenShift/Service Mesh shared storage technologies like NAS/ SAN ��� 30 %"
64,-1,-1,"DevOps Engineer
Job Description:
BigBear.ai currently has an immediate position available for a DevOps Engineer to join our top-notch team of forward-thinking engineers, data scientists, analysts, and innovators. The successful candidate will be a self-starter that demonstrates excellent communication and problem-solving skills with a strong drive for innovation. This position will support BigBear, LLC, a BigBear.ai company.
Minimum Requirements:
-Solid experience operating in a Linux environment (Primarily CentOS)
-Amazon Web Services such as EC2, S3, SQS, RDS
-Deployment automation with tools such as Terraform, CloudFormation, Jenkins, Ansible, or Chef
-Scripting skills with Python or Bash
-Bachelor�۪s or Master�۪s degree in Computer Science, Engineering, a related field, or equivalent work experience","['DevOps', 'Engineer', 'Job', 'Description', ':', 'BigBear.ai', 'currently', 'has', 'an', 'immediate', 'position', 'available', 'for', 'a', 'DevOps', 'Engineer', 'to', 'join', 'our', 'top-notch', 'team', 'of', 'forward-thinking', 'engineers', ',', 'data', 'scientists', ',', 'analysts', ',', 'and', 'innovators', '.', 'The', 'successful', 'candidate', 'will', 'be', 'a', 'self-starter', 'that', 'demonstrates', 'excellent', 'communication', 'and', 'problem-solving', 'skills', 'with', 'a', 'strong', 'drive', 'for', 'innovation', '.', 'This', 'position', 'will', 'support', 'BigBear', ',', 'LLC', ',', 'a', 'BigBear.ai', 'company', '.', 'Minimum', 'Requirements', ':', '-Solid', 'experience', 'operating', 'in', 'a', 'Linux', 'environment', '(', 'Primarily', 'CentOS', ')', '-Amazon', 'Web', 'Services', 'such', 'as', 'EC2', ',', 'S3', ',', 'SQS', ',', 'RDS', '-Deployment', 'automation', 'with', 'tools', 'such', 'as', 'Terraform', ',', 'CloudFormation', ',', 'Jenkins', ',', 'Ansible', ',', 'or', 'Chef', '-Scripting', 'skills', 'with', 'Python', 'or', 'Bash', '-Bachelor', '�۪', 's', 'or', 'Master', '�۪', 's', 'degree', 'in', 'Computer', 'Science', ',', 'Engineering', ',', 'a', 'related', 'field', ',', 'or', 'equivalent', 'work', 'experience']","['DevOps', 'Engineer', 'Job', 'Description', ':', 'BigBear.ai', 'currently', 'immediate', 'position', 'available', 'DevOps', 'Engineer', 'join', 'top-notch', 'team', 'forward-thinking', 'engineers', ',', 'data', 'scientists', ',', 'analysts', ',', 'innovators', '.', 'The', 'successful', 'candidate', 'self-starter', 'demonstrates', 'excellent', 'communication', 'problem-solving', 'skills', 'strong', 'drive', 'innovation', '.', 'This', 'position', 'support', 'BigBear', ',', 'LLC', ',', 'BigBear.ai', 'company', '.', 'Minimum', 'Requirements', ':', '-Solid', 'experience', 'operating', 'Linux', 'environment', '(', 'Primarily', 'CentOS', ')', '-Amazon', 'Web', 'Services', 'EC2', ',', 'S3', ',', 'SQS', ',', 'RDS', '-Deployment', 'automation', 'tools', 'Terraform', ',', 'CloudFormation', ',', 'Jenkins', ',', 'Ansible', ',', 'Chef', '-Scripting', 'skills', 'Python', 'Bash', '-Bachelor', '�۪', 'Master', '�۪', 'degree', 'Computer', 'Science', ',', 'Engineering', ',', 'related', 'field', ',', 'equivalent', 'work', 'experience']","DevOps Engineer Job Description : BigBear.ai currently immediate position available DevOps Engineer join top-notch team forward-thinking engineers , data scientists , analysts , innovators . The successful candidate self-starter demonstrates excellent communication problem-solving skills strong drive innovation . This position support BigBear , LLC , BigBear.ai company . Minimum Requirements : -Solid experience operating Linux environment ( Primarily CentOS ) -Amazon Web Services EC2 , S3 , SQS , RDS -Deployment automation tools Terraform , CloudFormation , Jenkins , Ansible , Chef -Scripting skills Python Bash -Bachelor �۪ Master �۪ degree Computer Science , Engineering , related field , equivalent work experience"
44,-1,-1,"This is a 4 month contract to hire opportunity. and will be 100% remote role for duration of the job.
Salary range is $110k - $120k + 15% bonus.
Here is an overview of what we are seeking. We are looking for a .NET Developer who wants to learn the security piece. Someone who wants to be the voice of security at this client to App Dev and DevOps teams. Candidate will very likely have .NET, Azure and DevOps within an enterprise environment. This is the core of the job. Candidate will have a strong dev background and have touched on security.
Responsible for leading team efforts to maintain and automate application security and DevOps tools.","['This', 'is', 'a', '4', 'month', 'contract', 'to', 'hire', 'opportunity', '.', 'and', 'will', 'be', '100', '%', 'remote', 'role', 'for', 'duration', 'of', 'the', 'job', '.', 'Salary', 'range', 'is', '$', '110k', '-', '$', '120k', '+', '15', '%', 'bonus', '.', 'Here', 'is', 'an', 'overview', 'of', 'what', 'we', 'are', 'seeking', '.', 'We', 'are', 'looking', 'for', 'a', '.NET', 'Developer', 'who', 'wants', 'to', 'learn', 'the', 'security', 'piece', '.', 'Someone', 'who', 'wants', 'to', 'be', 'the', 'voice', 'of', 'security', 'at', 'this', 'client', 'to', 'App', 'Dev', 'and', 'DevOps', 'teams', '.', 'Candidate', 'will', 'very', 'likely', 'have', '.NET', ',', 'Azure', 'and', 'DevOps', 'within', 'an', 'enterprise', 'environment', '.', 'This', 'is', 'the', 'core', 'of', 'the', 'job', '.', 'Candidate', 'will', 'have', 'a', 'strong', 'dev', 'background', 'and', 'have', 'touched', 'on', 'security', '.', 'Responsible', 'for', 'leading', 'team', 'efforts', 'to', 'maintain', 'and', 'automate', 'application', 'security', 'and', 'DevOps', 'tools', '.']","['This', '4', 'month', 'contract', 'hire', 'opportunity', '.', '100', '%', 'remote', 'role', 'duration', 'job', '.', 'Salary', 'range', '$', '110k', '-', '$', '120k', '+', '15', '%', 'bonus', '.', 'Here', 'overview', 'seeking', '.', 'We', 'looking', '.NET', 'Developer', 'wants', 'learn', 'security', 'piece', '.', 'Someone', 'wants', 'voice', 'security', 'client', 'App', 'Dev', 'DevOps', 'teams', '.', 'Candidate', 'likely', '.NET', ',', 'Azure', 'DevOps', 'within', 'enterprise', 'environment', '.', 'This', 'core', 'job', '.', 'Candidate', 'strong', 'dev', 'background', 'touched', 'security', '.', 'Responsible', 'leading', 'team', 'efforts', 'maintain', 'automate', 'application', 'security', 'DevOps', 'tools', '.']","This 4 month contract hire opportunity . 100 % remote role duration job . Salary range $ 110k - $ 120k + 15 % bonus . Here overview seeking . We looking .NET Developer wants learn security piece . Someone wants voice security client App Dev DevOps teams . Candidate likely .NET , Azure DevOps within enterprise environment . This core job . Candidate strong dev background touched security . Responsible leading team efforts maintain automate application security DevOps tools ."
2,-1,-1,"As a DevOps Engineer at UHIN, you will help build out and migrate our next-generation infrastructure. You will get to work with cutting-edge technologies like Kubernetes, Docker, and AWS, and will help design and build a common platform for our development and infrastructure teams. You will possess a good understanding of networking, security, DNS, Linux, databases, proxies, and protocols preferred. We primarily use PHP and JavaScript, and knowledge of those languages is a requirement for this role. Security is paramount at UHIN and you will help define processes, procedures, and monitoring tools to automate compliance and security objectives. You�۪ll also help evangelize and train the rest of the company on DevOps processes and tools.
Primary Responsibilities:
�� Core: Create strong practices around building scalable and resilient distributed microservices in a AWS cloud environment.","['As', 'a', 'DevOps', 'Engineer', 'at', 'UHIN', ',', 'you', 'will', 'help', 'build', 'out', 'and', 'migrate', 'our', 'next-generation', 'infrastructure', '.', 'You', 'will', 'get', 'to', 'work', 'with', 'cutting-edge', 'technologies', 'like', 'Kubernetes', ',', 'Docker', ',', 'and', 'AWS', ',', 'and', 'will', 'help', 'design', 'and', 'build', 'a', 'common', 'platform', 'for', 'our', 'development', 'and', 'infrastructure', 'teams', '.', 'You', 'will', 'possess', 'a', 'good', 'understanding', 'of', 'networking', ',', 'security', ',', 'DNS', ',', 'Linux', ',', 'databases', ',', 'proxies', ',', 'and', 'protocols', 'preferred', '.', 'We', 'primarily', 'use', 'PHP', 'and', 'JavaScript', ',', 'and', 'knowledge', 'of', 'those', 'languages', 'is', 'a', 'requirement', 'for', 'this', 'role', '.', 'Security', 'is', 'paramount', 'at', 'UHIN', 'and', 'you', 'will', 'help', 'define', 'processes', ',', 'procedures', ',', 'and', 'monitoring', 'tools', 'to', 'automate', 'compliance', 'and', 'security', 'objectives', '.', 'You', '�۪', 'll', 'also', 'help', 'evangelize', 'and', 'train', 'the', 'rest', 'of', 'the', 'company', 'on', 'DevOps', 'processes', 'and', 'tools', '.', 'Primary', 'Responsibilities', ':', '��', 'Core', ':', 'Create', 'strong', 'practices', 'around', 'building', 'scalable', 'and', 'resilient', 'distributed', 'microservices', 'in', 'a', 'AWS', 'cloud', 'environment', '.']","['As', 'DevOps', 'Engineer', 'UHIN', ',', 'help', 'build', 'migrate', 'next-generation', 'infrastructure', '.', 'You', 'get', 'work', 'cutting-edge', 'technologies', 'like', 'Kubernetes', ',', 'Docker', ',', 'AWS', ',', 'help', 'design', 'build', 'common', 'platform', 'development', 'infrastructure', 'teams', '.', 'You', 'possess', 'good', 'understanding', 'networking', ',', 'security', ',', 'DNS', ',', 'Linux', ',', 'databases', ',', 'proxies', ',', 'protocols', 'preferred', '.', 'We', 'primarily', 'use', 'PHP', 'JavaScript', ',', 'knowledge', 'languages', 'requirement', 'role', '.', 'Security', 'paramount', 'UHIN', 'help', 'define', 'processes', ',', 'procedures', ',', 'monitoring', 'tools', 'automate', 'compliance', 'security', 'objectives', '.', 'You', '�۪', 'also', 'help', 'evangelize', 'train', 'rest', 'company', 'DevOps', 'processes', 'tools', '.', 'Primary', 'Responsibilities', ':', '��', 'Core', ':', 'Create', 'strong', 'practices', 'around', 'building', 'scalable', 'resilient', 'distributed', 'microservices', 'AWS', 'cloud', 'environment', '.']","As DevOps Engineer UHIN , help build migrate next-generation infrastructure . You get work cutting-edge technologies like Kubernetes , Docker , AWS , help design build common platform development infrastructure teams . You possess good understanding networking , security , DNS , Linux , databases , proxies , protocols preferred . We primarily use PHP JavaScript , knowledge languages requirement role . Security paramount UHIN help define processes , procedures , monitoring tools automate compliance security objectives . You �۪ also help evangelize train rest company DevOps processes tools . Primary Responsibilities : �� Core : Create strong practices around building scalable resilient distributed microservices AWS cloud environment ."
1,1,1,-,-,-,"PrintingCenterUSA looking experienced , positive attitude person join team Marketing Assistant provide visual design material , written copy web print , development mockups , SEO research advance progress company ’ goals . This position Great Falls , MT ( This NOT remote position . ) Located Glacier Yellowstone National Parks , Great Falls , MT surrounded natural beauty recreational opportunities world class fishing , hunting , skiing , hiking , biking , kayaking , water sports much . Whatever season , ’ sure find numerous outdoor activities match speed . Great Falls offers affordable housing quick access everything : 15 minutes work , shopping , restaurants , nightlife , community activities , etc ."
1,1,1,-,-,-,"Make mark . Our internal firm services focuses firm ’ critical business needs . From marketing internal accounting everything , integrated solution approach designed help enable manage growth , leverage resources , optimize firm operations . At Plante Moran , privilege serving clients providing consultative services face challenges seek new opportunities . Your role . Your work include : Coordinate client collections activities , including notifying partners delinquent status , collecting accounts assessing complex situations develop solutions successfully obtain payment ."
1,1,1,-,-,-,"WANTED : ambitious , goal-orientated individual thrives results-driven role . If enjoy helping businesses succeed marketing – want fun – position YOU ! ( How ’ cliché sales pitch ? ! ) Tulip Tree Studios boutique marketing design firm based Stewartville , MN small enough care talented enough make big impact marketing , web graphic design , copywriting , photography , social media management , digital advertising , . We ’ creative company exists sole purpose making businesses individuals stand ever-changing world marketing . You really get know us www.TulipTree-Studios.com/careers We envision perfect person job intelligent ( know-it-all ) , out-going ( obnoxious ) , persuasive ( pushy ) , detail-oriented ( perfectionist ) , creative ( lacking common sense department… ) . They ’ someone afraid open honest conversations clients keeping marketing efforts check ; someone loves meeting new people ( prospecting ! ) building professional relationships networking ; , ultimately , someone truly enjoys finding creative ways help others “ branch away norm . ”"
1,1,1,-,-,-,"Are looking use analytical , critical thinking , communication skills ? Do enjoy solving problems , working numbers data make positive impact clinical trials ? If , 'd love meet . Who ? We Are PRA . We 17,000+ employees strong , operating 90 countries . We committed saving lives constantly striving best . Our impact real see every single day . We help get life-saving drugs hands need . Responsibilities"
1,1,1,-,-,-,"Overview : Become integral member Bank ’ internal marketing sales agency . Take hands-on approach implementing digital marketing campaigns attract , deepen retain clients . This position responsible execution measurement wide range digital marketing initiatives including social media , online forms digital advertising , website optimization , email campaigns , online banking mobile applications . This person work closely Digital Marketing Manager Content Marketing Manager create ultimate digital experience Bank ’ customers . Responsibilities : Execute direction Digital Marketing Manager website optimization , including content updates , SEO , ensuring continuous compliance increasing traffic Century Bank websites Qualifications :"
1,1,1,-,-,-,"Are looking use analytical , critical thinking , communication skills ? Do enjoy solving problems , working numbers data make positive impact clinical trials ? If , 'd love meet . Who ? We Are PRA . We 17,000+ employees strong , operating 90 countries . We committed saving lives constantly striving best . Our impact real see every single day . We help get life-saving drugs hands need . Responsibilities"
1,1,1,-,-,-,"voestalpine Roll Forming Corporation Virtual Interviews Event Details Date : Monday , April 12 , 2021 , Tuesday , April 13 , 2021 , Wednesday , April 14 , 2021 What We 're Hiring For Financial Analyst , FP & A Safety Technical Support Specialist / Safety Specialist Intake Details : Technical requirements After signing , sent email instructions connect . Please prepared join virtual interview quiet place using desktop mobile device working speaker , microphone , camera . Check see network connection support online session . A plugged ethernet cable strong WiFi network signal help avoid time delays conversation . What bring event Please provide resume advance - submitting online application ahead time preferred What wear Casual ( come , please presentable ) About voestalpine Roll Forming Corporation RFC ’ story begins one man ’ vision company would prosperous proactively meeting customer ’ needs . It would company built foundation dedicated employees , sustained strong work ethic creative ideas always respecting needs contributions individuals . We expanded additional Shelbyville location ! Join us . We Engineer . We Form . We Solve . With history dating back 1947 supporting today ’ recognized manufacturers , voestalpine RFC ’ advanced roll forming operations deliver custom shapes complete assemblies conform demanding specifications . And engineering , design , tooling manufacturing co-located within close proximity , deliver fully integrated roll forming solutions produce larger volumes components exceptionally high quality standards still meeting strict cost controls . health , dental , vision , life short-term disability insurances , 401K retirement savings match ( traditional ROTH ) , health savings plans , quarterly profit-share bonuses . What Virtual Hiring Event ? Virtual hiring events great way employers jobseekers connect , even n't physical location . Hiring human process , would like talk online ( either chat , phone , video ) see ’ fit ! https : //www.rfcorp.com/careers https : //www.youtube.com/embed/u43a7yRYuqg Do required 2 years ' experience If Safety Role - Do OSHA 10 and/or 30 hour certification ? ( If Finance role , N/A please mark yes ) Do Bachelor 's degree ? ( Or five years ' equivalent experience training ) Will willing apply company jobs site , www.rfcorp.com/careers Financial planning & analysis professional support management team manufacturing company . This person attentive detail , strongly analytical ability communicate effectively team members cross-functionally levels within organization . Ideal candidates experience manufacturing environments , strong analytical problem-solving skills . Self-starter independent worker enjoys working cross-functionally projects influence organizational decisions ? Apply ! Qualifications Core Competencies - To perform job successfully , individual must able perform essential duty satisfactorily possesses competencies skills listed . The requirements listed representative knowledge , skill , and/or ability required . Reasonable accommodations may made enable individuals disabilities perform essential functions . Bachelor ’ degree Accounting , Finance related field . Extensive experience and/or training ten years may considered lieu degree . Two years ’ related experience finance accounting role . Proficient Microsoft office products ( especially Microsoft Excel ) , MRP/ERP , accounting packages . Willingness work on-site Shelbyville , KY location ability travel locations needed . US Person ( meets ITAR/EAR requirements ) Experience manufacturing industry Prior experience financial analysis While flexible remote-working option available occasional basis , position based Isaac Shelby Drive location Shelbyville , KY. _________________________________________ Analyzes forecasts financial , economic data provide accurate timely information influence strategic operational decisions . Utilizes strong analytical , organizational , time-management , problem-solving skills execute projects support management executive management teams . Essential Duties Responsibilities include following . Other duties may assigned . Assists routine preparation , maintenance analysis monthly , quarterly annual forecasts Supports preparation internal management reports comprehensive analysis financial results support management executive management teams Assists planning creation annual budget Prepares ROI analysis new projects performs post-completion analysis past projects Supports preparation compilation quarterly reporting packages Board Directors executive leadership team Supports strategic planning , budgeting , tracking approval capital investment projects . Works project owners organize arrange capital investment requirements committee presentation , rigorously challenging assumptions financial justifications , ensuring compliance capital policy , supporting Accounting recording capital transactions ensure proper treatment Supports month end financial statements analyses Prepare management reports analytics weekly sales results , monthly quarterly commentary results , regular updates sales EBIT forecasts , others required Develop improve forecasting model aid predicting profitability cash flow results Support sales business development teams identify viable business opportunities filter undesirable leads Participate ad hoc projects special situation analysis help identify cost savings , evaluate expansion/reduction opportunities , ensure efficient uses capital resources Assist Accounting , IT , Sales , Business Development , HR data projects cash flow basics/analysis , time value/discounted cash flow , internal rate return , net present value , payback , lease vs. analysis understanding cost capital Travel occasionally , required"
