Job Title,Company Name,Job Description
-1,-1,"Software Developer - Web
Corporate Headquarters
12575 Uline Drive, Pleasant Prairie, WI 53158

Develop custom solutions and enjoy a great career at Uline. Bring your extensive skillset to a place ready to employ every facet of it. Collaborate on customer-facing and internal projects among a team of dedicated fellow developers.

Better together than apart. This position is on-site, and we are looking for good people who share our passion.

Uline is proud to operate as a drug-free workplace. All new hires must complete a pre-employment drug screening."
-1,-1,"For over 70 years, we have been designing and building high performance, commercial quality products. From our humble beginnings in Japan with a simple hand-held crop duster, we have grown to become a technological leader and well-respected global brand. Today the company sells its products in North America through eight distributors managing 6,600 independent dealers. An additional 24 Latin American distributors sell ECHO products through a variety of channels. ECHO products can be found in Home Depot stores in the U.S., Canada, Mexico and Puerto Rico.
The position is an individual contributor role reporting to the application development manager.
The successful candidate will be part of a team to design and develop business applications(internal, B2B, B2C) using .Net technology. Individual must be a team player, quick learner, and must be able to demonstrate a high degree of initiative to solve business problems."
-1,-1,"We are looking for the right person to fit our team. The majority of our work is in WordPress CMS but we do branch out into other SPA sites and custom programming. The *right* individual is self-motivated and loves to learn/keep up with technology and trends. You have the ability to meet (virtually) with clients and provide solutions and insights. You can balance multiple projects and deliver on-time. You have a desire to create clean-looking projects. Front End experience and development are a must!
Skills
Problem Solving!
The ability to break down the complex into simple solutions
Expert with HTML, PHP, Javascript, jQuery, CSS, bootstrap"
-1,-1,"UCB is looking for an experienced Ontario TCS (CUBS) Application Developer to join our team. This individual will work on our CUBS application development projects at UCB to ensure quality projects are delivered on time and meet the needs of UCB business units and clients. This person will be responsible for performing various roles including coding, unit testing, QA and documentation. This person will work with the EVP Technology.

Required Qualifications:
2+ years’ experience in Ontario TCS/CUBS development"
-1,-1,"Overview:
THE CENTECH GROUP, Inc. (CENTECH®) is seeking a Senior Software Engineer to become a member of a dynamic and fast paced development team, extending and maintaining a commercial off-the-shelf (COTS) product for the federal government. The COTS product is built using Microsoft technology stack. Deep understanding of Microsoft technologies, especially .NET Framework, C#, ASP.NET (Web Form) and SQL Server is necessary. Candidates must have the ability to be a quick starter, good communicator, able to work in a small team setting, accept technical direction, and work with minimal oversight.

The successful candidate is expected to be a self-starter and quickly ramp up to speed and be able to work independently with limited guidance.
Excellent communication and presentation skill are essential for this role.

This is a full-time position;


Responsibilities:
Qualifications:"
-1,-1,"Job Description:

Starting from $95,000
Torch offers the traditional benefits, such as medical and dental insurance, but other unique benefits as well. Torch provides its employees with a comprehensive set of health care and retirement benefits; one we consider superior to those offered by other companies in the industry. In fact, Torch was recognized by the Principal Financial Group as one of the “The Principal 10 Best Companies for Employee Financial Security” in a national competition of small businesses based on an assessment of company benefit and retirement plans."
-1,-1,"Lead Web Developer
Headquarters (Clayton, MO)
The Company
CareVet is a network of veterinary hospitals that focuses on acquiring and managing best-in-class hospitals throughout the United States. We look for veterinary practices that are staples of their community. Whether its one animal hospital or a dozen, we focus on the standard of care delivered, the level of engagement from the team and the record of stability. We are building a network of the top hospitals, doctors and staff.
CareVets mission is to provide the very best care for pets. Our approach to veterinary medicine focuses on practice legacy, team, veterinarians, patients and community.
Job Summary
CareVet is seeking a skilled WordPress Developer/Designer with at least 3 years prior experience working with WordPress. The WordPress Developer/Designer will develop and build websites, subpages, landing pages and other marketing collateral as needed. A successful candidate must have the ability to oversee our web development strategy with strong emphasis on organic SEO and conversion rates. He/She must have solid experience in responsive designs for desktop, mobile and tablet, with a focus on current best practices for site navigation, website usability, imagery/graphics and intuitive user experiences. Strong attention to detail and project management skills are required. The position is responsible for designing the user interface and overall customer experience for our hospital websites. This includes overall navigation flow, layout of specific pages, and creation of individual graphic elements. We are looking for someone in the St. Louis area, or open to relocating to the area."
-1,-1,"Belong to something bigger.
At ESL, it’s more than a job. It’s your unique journey.

Your Journey Begins Here
ESL Federal Credit Union is seeking a Senior Programmer Analyst / Developer with a minimum of 3 years of experience in responsive web application development to join our growing development team. This position will work on a variety of technical tasks related to our customer facing development efforts. The selected candidate will help develop DevOps practices and modern software development techniques using open source tools at ESL."
-1,-1,"Job Description (MUST BE A US CITIZEN AND LOCATED IN NORTHERN COLORADO)
We are looking for energetic candidates with natural curiosity, fresh ideas, and honed programming skills to meet the demand of our Worldwide Cliental; A confident, hard-working employee who is committed to achieving excellence.
You must be able to work on several projects and jump from project to project. We are not a web design company, however, we have many projects going at any time for our internal systems and always will. We only have a few programmers so you must be comfortable wearing multiple hats and working independently as well as working with others.
We prefer candidates who can come into the office and test our programs on hundreds of devices. If you are someone who requires a team (although there is one), this job is not for you. Typically we give each programmer a few projects or tasks to work on. Some work may be performed remotely, however, now that Colorado is moving away from Covid mandates, a majority will need to be in the office."
-1,-1,"Summary:
Senior Web Developer creates, enhances, and maintains eCommerce solutions. Their job includes working with the Director of Application and Process Engineering to meet overall organizational needs. Senior Web Developer may be asked to conduct research, gather information, interpret data, and recommend solutions related to Arrowhead’s eCommerce websites.
This position includes working with other developers (internal and external), the Project Management Office, Business Process Owners, Business Subject Matter Experts, and Customers in the full software life-cycle development, including reviewing business requirements, writing technical specifications, application development, defect resolution, deployment, and support within the enterprise standards."
-1,-1,"Powderkeg in Verona is growing and looking for a Full Time Web Developer to work on a variety of web–based development projects. This is a great opportunity for a qualified candidate to work with a rock star web team and have fun doing it!
The ideal candidate will have at least 5 years of experience working with HTML, CSS, JS, PHP and WordPress. Candidates should have experience working with custom Photoshop and XD designs and translating them into functioning web applications and websites. Expertise with CSS, PHP, and JS Frameworks is a must as well as MySQL. Previous work with web application projects would be a bonus!
We take a lot of pride in doing things right the first time and not cutting any corners. Organized and detail oriented developers will thrive here.
This is a full time position with competitive pay and benefits that include: healthcare insurance, dental, paid time off, 401k, work from home availability and stability in an established web company."
-1,-1,"US Citizenship and Secret Security Clearance Required.
Company Overview:
Decathlon Development Corporation is a small custom software development firm located in Lutherville, MD with customers in Baltimore, DC and Northern Virginia. We have been in business for over 30 years developing custom business applications for a broad spectrum of applications.
We are seeking an ASP Net Application Developer to develop new custom web applications and to support existing web applications for our client base. The successful candidate will be a member of our development team responsible for the design, development and enhancements of MVC web based applications. Candidate will be required to have strong skills in SQL, Crystal Reports and web based application development."
-1,-1,"We don't fit the mold of every other manufacturing company in town.
We're much cooler.
And we want you to come work with us.
You don't want just another job. You've been there, done that. You have the t-shirt (we know, we printed it). You're looking for a place where you can really grow.
You want to have a supportive foundation and an environment where there is inspiring and creative work that truly pushes boundaries and impacts the world. You are committed to learning the latest and greatest of technologies and looking to collaborate with a great team."
-1,-1,"FULL-STACK APP DEVELOPER
Deft Dynamics, a startup studio in Birmingham, Alabama, is seeking a full-stack app developer to work on-site at the Deft facility beginning April 15, 2021. The ideal candidate is a creative problem solver who can work independently on all aspects of a mobile app, and who enjoys taking customer ideas and bringing them into reality. Our applications are used to interact with and monitor electronic hardware devices either locally (e.g. using BLE) or through the internet. As these devices generate large amounts of IoT data, demonstrating an engineering mindset/approach to data collection is a plus. The candidate will be responsible for daily support and development for the Tocaro Blue application and backend, and internal prototyping and development of IoT systems. Development objectives are managed by a Project Manager at Deft who will work alongside you to manage and meet customer product goals. This is a chance to work at a fast growing start up to gain experience and learn from an experienced team. The Deft Dynamics research facility is located near Pepper Place in Downtown Birmingham, AL."
-1,-1,"What makes us Qlik
Qlik helps enterprises around the world move faster, work smarter, and lead the way forward with an end-to-end solution for getting value out of data. A Gartner Magic Quadrant Leader for 11 years in a row! Our platform is the only one on the market that allows for open-ended, curiosity-driven exploration, giving everyone – at any skill level – the ability to make real discoveries that lead to real outcomes and transformative changes. We are a Values-Driven organization, operating over 100 countries with 45,000 customers around the world. If you think we are interesting, please read on – we may be looking for you!

Senior Web Developer"
-1,-1,"TOPS Software, LLCis an industry leader for over thirty years in the Residential Property Management industry, providing back-end accounting and property management solutions to an ever-expanding industry.
TOPS offers a full complement of benefits including; paid time off, paid holidays, health care, dental care, vision care, 401K. We also have additional perks like free snacks, fresh fruit, in-house massage therapist, espresso machine and monthly food truck lunch. TOPS hasbeen selected as a top place to work in the bay area for the last three years in a row.
Our focus is simple: disrupt the property management industry, dazzle and win new clients, show clients they are valued, and clearing out the garbage that blocks us from doing that!
Are you interested in joining a development team that rapidly delivers Quality Features & Enhancementsusing best of breed tools and technologies?"
-1,-1,"This IT Web Designer/Developer position serves on the ITCS Enterprise Information Systems team as a technical resource and supports the web development needs of the university.
This position develops custom solutions to enhance the functionality of applications to meet unique customer needs. Employee should be comfortable developing plugins, themes, custom post types, WordPress CLI scripts, and other WordPress CMS solutions based on project requirements. This position is responsible for assessing and triaging bugs and enhancements that come into GitHub as well as participating in all stages of development, testing, implementation, and maintenance. Furthermore, this position must be able to work with standard web interfaces (HTML, CSS, JavaScript) and a full application stack consisting of server OS, web server (IIS and Apache), programming and scripting (PHP, Python), and database (MySQL and MSSQL). Experience using GitHub for version control and documentation is preferred.
This position is responsible for application administration, advanced troubleshooting and support, and developing enhancements for various enterprise web applications. Additionally, this position offers advanced technical expertise to consultants and clients for enterprise applications in a wide variety of areas which requires an overall understanding of the ECU technology infrastructure. Employee will assist with determining the best solutions for campus users to meet unique needs and troubleshoot issues.
This position helps in the selection of applications and creation of standards and guidelines for its proper use and configuration to meet the needs of customers. Employee is responsible for creating tools using vendor APIs and web services to extend application functionality for our users. In addition, this position is responsible for data management from outside resources importing into a variety of enterprise applications. Employee serves as an expert in the use of these applications and should keep up to date on application upgrades and new features.
The position should to stay up to date on new technologies, best practices, and modern development methods. Employee will communicate regularly with peers using chat, audio, and video. Employees are required to adjust their standard work schedule to meet the requirements of their position, which includes and not limited to evening and weekend hours to perform scheduled and unscheduled workload requirements to maintain University operations."
-1,-1,"West Shore Home is growing at an explosive rate. To do so, we must operate at an above average pace. We take extreme ownership of our work and are goal oriented as we move the company towards our mission of being the most admired home improvement brand in the U.S. The Web Designer will work with the Digital Marketing and Creative teams in the never-ending pursuit of providing the perfect on-page experience. Mixing collaboration with landing page optimization best practices and your own experience, you will be constantly experimenting to improve conversion rates and site speed. Your feedback and recommendations on new creative, promotions, etc., will be critical to the continuous evolution of the overall marketing plan.
Key Role Accountabilities:
Design and implement engaging B2C lead generation landing pages"
-1,-1,"We are looking for highly motivated, self-driven team members who are quick learners and creative problem solvers. If you enjoy solving challenging problems, imagining solutions from our customers’ perspective and if you thrive in an environment with little guidance, we want to meet you. As a Senior Back End Web Developer, you will play a key role within each phase of the software development lifecycle and collaborate with departments across the company to develop innovative solutions from concept to release.
A great fit for our team will have the following skills:
B.S. in Computer Science or related field or equivalent work experience (4 years)
Experience with Node.js, C# .NET MVC architecture
Experience using and working with Microsoft SQL database"
-1,-1,"Position Description
EDC Corporation is currently seeking a software developer to join our growing development and customer support team. The chosen candidate will be responsible for new feature development, product testing, and client support in a collaborative environment. Work with Mobile, Responsive Web Design, License Plate Recognition, RDBMS, high performance scalable web sites and other exciting technologies as we expand into a new downtown office in Syracuse NY. Visit https://www.aimsparking.com for more information.
Responsibilities
Perform responsive, web based software development and integration, within an agile development process"
-1,-1,"CastleBranch is seeking a PHP Developer to join their Engineering team. The Software Developer will be responsible for programming and analysis, including coding modifications, maintenance and updating of software, debugging and documenting programs under the direction of team manager. This role also provides input and planning for future development, and leads project team.

Essential Duties and Responsibilities include the following. Other duties may be assigned.
Designs, analyzes, and documents new and existing applications, with the detail needed to instruct others.
Experience with Laravel PHP framework"
-1,-1,"We are seeking a Software Engineer that loves working on the web and mobile platforms to join our team of passionate coders in a modern development environment. Our Agile teams collaborate to define requirements, design and create solutions that target complex business problems. Our focus is on building the highest quality applications using cutting-edge technologies to satisfy market needs.
Location
Latham, New York
Responsibilities
Collaborate to refine requirements, design and create solutions which target defined business needs."
-1,-1,"Digital Content Coordinator/Designer
Digital Content Coordinator/Designer
The House FM has an opening for a social media coordinator at the non-profit organization in Oklahoma.
The radio ministry is looking for a creative artist/writer with proven social media savvy and experience with design and editing software. If you are an organized self-starter who has the ability to wear many hats in a fast-paced nonprofit environment, we want to see your resume and portfolio.
Responsibilities:
Create graphics for branding/advertising, show promotion, concerts, websites, apps, etc."
-1,-1,"Clack Corporation, a privately held company, established over 70 years ago is now hiring! We are a leading manufacturer and distributor of water treatment components and drinking water products, as well as specialized in custom blow molding products.
We are looking for a Software Engineer to join our team.
Clack Corporation offers an extensive benefit package including competitive pay, health and dental insurance, company paid life insurance and short term disability, vacation, 401k, profit sharing, monthly bonus, flex spending and additional voluntary benefits.

Summary: Design, analyze and develop new and existing products related to the water treatment industry. The main focus is on software (i.e., requirements/definition/analysis, software design/implementation, software verification/validation). Also provides engineering support to Research & Development and production areas where applicable."
-1,-1,"Position: Software Developer II
Location: Huntsville, AL
Clearance: Active Secret Clearance

Position Summary:
Seeking a .NET developer responsible for building fully functional applications focusing on front-end and back-end support. A commitment to collaborative problem solving, sophisticated design, and quality product is essential."
-1,-1,"Meyocks is growing thanks to the great work of our talented and dedicated team, and we’re looking for a front-end web developer to join us.
What You Would Do at Meyocks
In this role, you would help create designs for digital projects, translate those designs to code and help bring ideas to life in the form of websites, landing pages, banner ads and other digital executions.
You would collaborate with a team of graphic designers, copywriters, strategists and other marketing communication professionals. You would move seamlessly between design and code, always keeping an eye on the details that can make or break a project.
Your success would be measured by the quality of the code you write and technical solutions you deliver."
-1,-1,"JOB DESCRIPTION
Title: Web Developer Reports Chief Information Officer
To:
Date: February 2021 FLSA X - Exempt Non-Exempt
Class:
Department: Information Technology
Position Overview:
ASEE seeks US Citizen/Green Card holder OR candidate willing to transfer their H1-B visa for full-time employment position of web developer."
-1,-1,"WANTED: AMERICAN SYSTEMS is actively searching for a qualified Software Engineer with an active Secret Clearance

As a Software Engineer you will:
Be responsible for the software engineering activities supporting highly training systems and sensor simulations that deliver cutting edge simulation environments for autonomous systems
Interact with senior internal and external personnel in own area of expertise to overcome issues and meet delivery
Be responsible for integrating highly complex Systems and sensor simulations that deliver cutting edge operational environments for autonomous systems."
-1,-1,"A SAAS company in Grand Rapids is looking for a .NET Developer to join their growing team. You will be working collaboratively to design, build and test functionality on their core product.
You will be using cutting edge technology. (.net core, C#, React). If you don’t have experience with newer JavaScript frameworks- no problem! They are more than happy to get the right person up to speed.
Can pay 100k!
Requirements
2+ Years of professional web development
C#"
-1,-1,"AIS has an opening for a Software Engineer in a growing team developing software tools for SIGINT processing. A full range of opportunities are available, including the development of user interfaces, back-end server components, and web site applications.
Roles and Responsibilities:
Work effectively in iterative engineering cycles with a geographically distributed team
Investigate and report on candidate technologies for use in software solutions
Collaborate with domain experts to capture new requirements and investigate challenge problems
Participate in technical exchanges with other programs as well as implement and support collaborative solutions"
-1,-1,"Web API Full Stack Developer
Location: Nationwide preferably in Austin, TX or Ft Mill, SC
Immediate Need
At LPL Financial we consider it our mission to take care of our advisors so they can take care of their client. Joining the Technology business unit, you will be responsible for planning, directing projects to help design, build and maintain the sustainable, scalable capabilities that support delivery of the highest standards of software products, processes. This role will also include responsibility for leading special projects to drive more quality, scope, and scale in the offering and provide technical leadership to other team members."
-1,-1,"Web Developer:
Web Developer Job Responsibilities:
The role is responsible for designing, coding and modifying websites, from layout to function and according to a client's specifications. Strive to create visually appealing sites that feature user-friendly design and clear navigation.
Web Developer Job Duties:
Regular exposure to business stakeholders and executive management, as well as the authority and scope to apply your expertise to many interesting technical problems.
Candidate must have a strong understanding of UI, cross-browser compatibility, general web functions and standards."
-1,-1,"Job Overview:
Responsibilities and Duties:
Develop software solutions to meet customer needs.
Create and write source code for new applications."
-1,-1,"We are looking for a talented Front-End Developer to execute various development tasks on different projects and stacks. As a Front-End Developer will be a part of a dynamic and fun environment where you will work on a variety of technical projects collaborating with team members throughout our global organization (create custom web pages, templates, and components for both the administrative authoring and front-end experiences).
As a Front-End Developer will be a part of a dynamic and fun environment where you will work on a variety of technical projects collaborating with team members throughout our global organization (create custom web pages, templates, and components for both the administrative authoring and front-end experiences).
Qualified developers will know:"
-1,-1,"Join a highly engaged and supportive team of developers who will not only challenge you to grow, but actively leverage your expertise on how to blow our clients expectations out of the water. Whether it be creating an engaging interactive experience, well optimized landing page, thoughtfully refactoring code, improving accessibility or developing a custom web application you will have a direct impact on what we create and its ultimate success. The variety of projects and challenges our clients bring will provide you with opportunities to try new things and round out your skillset. We embrace the fast paced changes in the frontend space and innovate on our past experiences to continually evolve as a team. Crescendo earns the trust of our clients and team by blending our midwestern values, high intensity work ethics and digital innovation.

*Working with us, you will ... *

- Take PSDs from design team to develop from
- Create and maintain npm, node, gulp and webpack builds
- Write JavaScript in both ES5 & ES6 standards following project design patterns
- Work in SASS, Less or CSS following design patterns ( typically BEM )
- Use both Git & Mercurial VCS and related branching model workflows
- Create new templates in Magnolia or another content management system
- Learn from and teach others on the team
- Have direct client communication
- Start projects from scratch and help us maintain existing projects
- Build accessible high performance websites
- Work with popular frameworks like foundation, bootstrap, React, Angular
- Work on projects using minimal or no frameworks at all

You Bring:

- 3+ years direct frontend experience
- Ability to communicate clearly and concisely with clients, our sales team, designers and developers
- Ability to work on multiple projects
- A desire to lead people and technology choices
- A sense of urgency

You Get:

- Competitive salary
- Full benefits
- SIMPLE IRA matching (3%)
- Generous PTO
- Paid holidays
- Autonomy and satisfaction working for the most innovative digital agency in the Midwest"
-1,-1,"Software Developer - Conversions
Southington, CT, USA Req #366
Monday, March 8, 2021
Who we are...
COCC delivers complete enterprise processing solutions to financial institutions throughout the northeastern United States. Listed among American Banker's FinTech 100 and the Inc. 5,000 fastest growing companies in the nation, COCC inspires the industry with innovation and top quality support. Designated as a Top Workplace in Connecticut, COCC recognizes employees as the core of our success! COCC offers a progressive training program to support employees in personal and professional development."
-1,-1,"At Apptness we are digital marketing experts: solving online ad-serving challenges with technology and data-science. We build engaging media brands that profitably connect consumers to personalized ads to match each consumer’s needs. Founded in 2015, Apptness was recently named to the Inc. 5000 Fastest Growing Companies in the country, an accomplishment we owe to our energetic, collaborative and innovative culture.
We are hiring a Senior UI Engineer, Ad Platform to be a key member of our engineering team. In this role you will architect and engineer the user interface for the Apptness core ad-serving platform, to be used by our internal teams. Your experience in building digital marketing systems will enable you to own the design and implementation of new features, services and controls that connect the commercial needs of the business to our sophisticated backend capabilities. You will flex your system design muscles, simplify complex problems and implement efficient, scalable code. As an experienced member of the engineering team, you will help mentor teammates, evolve our technical standard and amplify our culture of system design."
-1,-1,"About Dealerware:
Dealerware is modern fleet management for the modern retailer. We are proud to be one of the hottest software companies in the automotive sector. By combining a modern-approach with fresh design thinking, Dealerware’s industry-leading SaaS platform enables best-in-class fleet management and mobility for top automotive dealerships and manufacturers. Three years ago, we burst onto the scene with a promise to reduce costs and elevate the customer experience at automotive dealerships. Today, we’re experiencing 100% YOY growth and are positioned to truly change the way the world hits the road. Across the automotive ecosystem, there’s hundreds of billions of dollars at stake. And we’re right in the swell of it.

Dealerware has an immediate, full-time opportunity for a Backend Developer to help us transform the way car dealers and manufacturers think about products and profits. We’re looking for someone that has professional experience with web programming, comfortable working with cloud platforms, knows the ins and outs of the frameworks and libraries they currently use and wants to master new frameworks."
-1,-1,"*Relocation and/or fully remote not available. Green Card holders and/or US Citizens only. Visa sponsorship not available.*
The .NET Developer (Mid-level) is an individual contributor of our growing development team responsible for producing accurate and timely back-end software development and working with team members to review and analyze specifications, develop new modules and performs maintenance on the Burgess™ application solutions in accordance to company Software Development standards.

We are looking for a collaborative, positive, entrepreneurial minded professional who will engage team and organizational colleagues to improve and resolve product development issues, achieve timely delivery and promote product delivery goals.

We are a result driven organization where our team member’s experience, suggestions, critiques, and recommendations are valued and respected. For this role, we welcome this feedback in all areas, but specifically we welcome developers who look for ways to improve the process, grow their skills, encourage their team members, and will step up to the plate for their voice to be heard in a respectful and collaborative manner.

We are looking for a team player who will actively engage product managers, researchers, QA and developers to understand the business requirements and testing needs and translate them to technical requirements. Identifies tools needed to be able to accomplish tasks.

Utilizing your collaboration and process improvement skills, you will work alongside development managers and architects, participating in the development and documentation of the application architecture.

Lastly, using your keen eye for detail, accuracy, and willingness to learn you’ll review company documentation to ensure Healthcare data analysis and reimbursement business skills are current. Frequents development tool vendor web sites for relevant testing methodologies and process improvement suggestions.

Qualifications and Skills:
Requirements:
Preferred:

Headquartered in Alexandria, VA, Burgess (burgessgroup.com) is a team of engineers, designers, policy analysts, data scientists, and business leaders who believe thoughtful technology can transform the ﬂow of resources in the American healthcare system. We’re a small team solving a big problem in a system that affects millions of people every day. At Burgess, you’ll join forces with some of the brightest minds in technology, healthcare, and finance, directly influencing our day-to-day decisions and ultimately, the impact we have in the world. Your Contributions Truly Matter. We’re a growing company, so you’ll be given plenty of creative freedom and the opportunity to thrive—everything you do will count. We look forward to hearing from you."
-1,-1,"Description:
This position supports the Information Systems at GMRE HQ (South Ogden, UT). The full stack developer will be responsible for designing and maintaining in-house enterprise software applications and integrations primarily in PHP and JavaScript.
Full stack developer will demonstrate an understanding of the agile software development framework and great communication and technical skills.
Will propose architecture changes and implement based on recommend coding standards.
Will maintain and update business intelligence tools, databases, APIs, and other enterprise systems.
Design, develop, and maintain in-house enterprise web applications.
. Requirements:"
-1,-1,"We want someone who is bored and looking for an inspiration injection! Doing full stack development for bad ass clients is fun...it’s time for your personal developer lifestyle revamp!
Yes, you read that correctly. Let 2021 be your year to Stop cranking...and start creating!
THE RUNDOWN
Mission is a brand marketing agency inspired by the convergence of creative, technology, and effectiveness. Marketing is increasingly data-driven, and client needs are more about the interdependence of functionality and systems than ever before. We view websites and online applications as cornerstones to an entire marketing ecosystem. They are a means to amplify brand engagement and facilitate user interaction through a range of integrated technical solutions, driven by business strategy and objectives."
-1,-1,"SUMMARY
The BACnet Developer works toward developing the interface for Key2Act’s building automation platform. You will develop protocol support for a wide number of transports and automation protocols. You will help develop semantic mappings and evolve our semantic ontology to work across a wide number of wired and wireless automation communication protocols.
Key2Act’s BACnet developer will build software using languages and technologies of the BACnet framework. You will create applications from scratch, configure existing systems and provide user support. In this role, you should be able to write functional code with a sharp eye for spotting defects. You should be a team player and excellent communicator. Key2Act hopes for someone who is passionate about the BACnet framework and software design/architecture."
-1,-1,"About The Role:
As a Software Engineer, you will provide product teams’ software development and product delivery support for the full product stack. In this role, you will be responsible for product delivery and product lifecycle with direction from the Product Owner, the Solution Owner and technical guidance from Solution Architects.
What You'll Get to Do:
Support software development by providing engineering patterns to deliver the optimal product; including communicating design patterns. Mentor other engineers. Provide overall technical leadership to smaller working teams as needed."
-1,-1,"Job #: 205692

Job Description
If you are an experienced FTE Engineer looking for a position with a leading company, Bartech can help! We are a leading staffing firm and our clients include some over the nation’s biggest companies. Our client has a need for a FTE Engineer. This is a contract position; however it is not uncommon for assignments to transition into permanent positions with our client companies. If you have the background we are looking for, and you are interested in an opportunity to get your foot in the door with leading company, we want to talk with you!
Applicant must be eligible to work in the US for immediate opening. For this opportunity, the successful candidate will be directly employed by Bartech Staffing as a W2 employee while providing services to our end client."
-1,-1,"Clayman & Associates, a client-diverse, comprehensive Marketing Agency in Marietta, Ohio, has an immediate opening for a Web Developer to join our team! The Web Developer position fulfills all aspects of the marketing functions through advanced contemporary web and technical skills. This individual is responsible for design, development, coding and modifying websites, from layout to function, according to client specifications under the direction of a Creative Director. The Web Developer must create and maintain visually appealing, responsive, brand-appropriate websites that are user-friendly, intuitive and easily navigated.
A knowledge of software programs; web applications; programming languages, such as HTML, CSS, JavaScript, and PHP as well as proficiency with WordPress configuration, page builders and theming is required. Must possess the ability to analyze site analytics with the proficiency to apply the findings to an action plan for improved client presence. Working knowledge of the Adobe Creative Suite, a plus. Solid background in social media management across all platforms also a plus."
-1,-1,".Net Developer
Brilliance Business Solutions is seeking a talented .Net Developer with a love for programming and supporting the needs of clients. This person will work on our team to develop and maintain clients’ eCommerce solutions. We’re looking for someone who is enjoys variety, has a talent for problem-solving, and a passion for software development.
Brilliance creates eCommerce solutions for manufacturing and distribution companies using primarily Microsoft technologies. We are a small, energetic, metrics-driven team located in the heart of downtown Milwaukee near lots of great restaurants and entertainment. We operate with integrity, passion, and a commitment to make a difference for our clients.
As a .Net Developer, you may be a good fit for our team if you’re looking for:"
-1,-1,"Website Developer | Front & Back-end Developer | LOCAL Candidates Only
We're looking for an experienced FULL-STACK WEBSITE DEVELOPER to join our creative agency team. We need another Web developer to join our team to create visually appealing sites and landing pages that feature user-friendly design and clear navigation, from a fully responsive mobile perspective.
*** LOCAL CANDIDATES ONLY - We are Not interested in contractor, freelancer or remote agencies. If you're not interested in working AT our offices, please don't apply. All other solicitations will be ignored. ***
The primary role is responsible for developing, updating, and modifying WordPress Themes and websites, from layout to function, and according to our client's specifications."
-1,-1,"NOTE: This is an advanced position. Applicants should have at minimum a B.S. in Computer Science, Electrical Engineering, Computer Engineering, Mathematics, etc. and at least two years professional C++ development experience.
IPConfigure is a software development company and a leading developer of IP video surveillance solutions. We're looking to hire a strong C++ programmer responsible for creating video streaming, web service, and data management back-end components in our browser-based surveillance video management systems. The C++ developer must have a strong familiarity with object-oriented programming, C++11 (and/or C++14, C++17), unit testing, test-driven development, and Linux development tools and development environments. This is an awesome opportunity to work with leading edge technologies in the IP video surveillance market.
Requirements:"
-1,-1,"Ultratec, Inc., located on the west side of Madison, is the worldwide leader in developing new technologies for the deaf and hard of hearing population. Today, our equipment is recognized as the standard for excellence in text telecommunications. Ultratec engineering is seeking a .Net/Web Developer to join our growing product development team.
This full time position offers a Monday-Friday first shift schedule, with overtime as necessary, a competitive starting wage, a full benefits package, and a casual work environment within a state-of-the-art building.
Ultratec's most recent endeavor, the Captioned Telephone (CapTel), continues to demonstrate how we have revolutionized the industry with cutting edge products that transform the lives of individuals around the world."
-1,-1,"Solution Agency is looking for a dedicated and experienced Wordpress web developer to join our growing team. For 25+ years Solution Agency has been providing custom design and programming services to businesses of all sizes. We offer health and dental insurance with bonuses for outstanding work performance.
Specific Skills
Good understanding of front-end technologies, including HTML5, CSS3, JavaScript, jQuery.
Advanced knowledge of WordPress and WooCommerce.
Knowledge of version control systems.
Ecommerce experience."
-1,-1,"Job Summary: Performs analysis, development and maintenance of business applications. Analyzes user requirements to define project scope, objectives, and ROI. Designs, programs, and tests business applications. Creates clear and concise documentation for applications, including development and end-user documentation. Provides technical leadership on major projects.
Attributes:
· Service Focus
· Information Seeking
· Analytical Thinking"
-1,-1,"Why Sonic?
For over 25 years, Sonic has been committed to changing the way people think about the internet. We're revolutionizing the industry by standing up in support of an open and fair internet, setting a refreshingly high standard for customer care, and bringing accessible, affordable connectivity with member-focused policies to all.
And that mission all starts with the people we hire.
Each career opening at Sonic is an opportunity for personal growth, career development, and most importantly, making a difference towards building a better internet for our shared local community and beyond. Whether you contribute by splicing fiber, installing homes, or assisting customers on the phone, you're part of a company that is committed to the power of good."
-1,-1,"Job Summary
We are a well-established, locally owned, supply company looking to expand our web development and marketing team. We are in the progress of transitioning from Magento 1.x to Magento 2.x, utilizing a multi-store setup. This requires multiple custom integrations between Magento 2 and our ERP System along with other third-party applications. To assist with this, we are seeking a dedicated, trustworthy individual, who is proficient at developing both back-end and front-end code.
This is a full-time, Monday to Friday 8am-5pm, in-house position.
Responsibilities and Duties
Key responsibilities include, but are not limited to:"
-1,-1,"TriNet is a leading provider of comprehensive human resources solutions for small to midsize businesses (SMBs). We enhance business productivity by enabling our clients to outsource their HR function to one strategic partner and allowing them to focus on operating and growing their core businesses. Our full-service HR solutions include features such as payroll processing, human capital consulting, employment law compliance and employee benefits, including health insurance, retirement plans and workers’ compensation insurance.

TriNet has a nationwide presence and an experienced executive team. Our stock is publicly traded on the NYSE under the ticker symbol TNET. If you’re passionate about innovation and making an impact on the large SMB market, come join us as we power our clients’ business success with extraordinary HR.




The Sr. Web Developer provides technical leadership to the web team at TriNet, specifically focused on planning & architecting, guiding the design, developing/coding solutions. Both frontend (with modern frontend frameworks such as Vue, React or similar) and backend technical skills are mandatory (experience with lambda functions is a nice to have), with expert proficiency in JavaScript and TypeScript.

You will be part of a dynamic team and work closely with all areas of marketing, including website team, SEO team, and demand gen team. You will also work with agency team and developers.


• Translate business requirements into systems design
• Implement a JAM stack architecture (Vue, React/Headless CMS)
• Work with the headless CMS (Contentstack, NetlifyCMS, Contentful or similar)
• Write bug-free code in TypeScript and JavaScript

• Coordinate dispersed development and quality assurance
• Anticipate issues and risks at the module level and escalate appropriately
• Troubleshoot existing and new bugs as needed
• Work within Wrike project management tool
• Code and build web pages from templates using modern JavaScript frameworks such as Vue, React.
• Handle Continuous Integration deployments of code between development, staging, and production environments
• Oversee mid-level and junior web developers along with agency developers
• Work with project managers to complete various web updates
• Export content as needed
• Minimal maintenance for other corporate-related sites
• Other projects and responsibilities may be added at the manager’s discretion.


Education:
• Bachelor’s degree desired; or equivalent education and/or related work experience.
Experience:
• Minimum 4-6 years’ experience in full stack development with JavaScript/TypeScript
• Experience with headless CMS
• Experience with Lambda Functions/Google Cloud Functions or similar
• HTML, CSS Experience
• Ability to translate Figma/Sketch/Photoshop designs into code
• Responsive web design
• General knowledge of web database systems, experience with Firebase is a nice to have
Other Knowledge, Skills and Abilities:
• Excellent verbal and written communication skills
• Ability to communicate with employees at all levels of the organization
• Strong knowledge and understanding of both state and federal employment laws
• Excellent interpersonal skills
• Excellent presentation and facilitation skills
• A demonstrated commitment to high professional ethical standards and a diverse workplace
• Ability to adapt to a fast paced continually changing business and work environment while managing multiple priorities
• Proficient in Microsoft Office Suite
• PC and Windows 10 higher environment
• General Unix command line proficiency


• No travel required
• Remote in the immediate time
• Once offices open, work in clean, pleasant, and comfortable office setting
• The work environment characteristics described here are representative of those an employee encounters while performing the essential functions of this job. Reasonable accommodations may be made to enable individuals with disabilities to perform the essential functions.

Please Note: TriNet reserves the right to change or modify job duties and assignments at any time. The above job description is not all encompassing. Position functions and qualifications may vary depending on business necessity.

TriNet is an Equal Opportunity Employer and does not discriminate against applicants based on race, religion, color, disability, medical condition, legally protected genetic information, national origin, gender, sexual orientation, marital status, gender identity or expression, sex (including pregnancy, childbirth or related medical conditions), age, veteran status or other legally protected characteristics. Any applicant with a mental or physical disability who requires an accommodation during the application process should contact recruiting@trinet.com to request such an accommodation."
-1,-1,"SUMMARY: As a Full Stack Developer, you will be a key member of the team helping to drive full (and correct) adoption of modern software engineering & delivery practices ('Real' Agile, TDD, ATDD, Stateless Design, Microservices, Containerization, CICD, Cloud, etc.). Knowledge and experience in implementing solutions in the cloud (AWS) is required. This can range from custom code on IaaS/PaaS to SaaS solution integrations. You will also be responsible for interfacing and influencing with the business lines as well as others across IT.
ESSENTIAL DUTIES AND RESPONSIBILITIES include the following. Other duties and special projects may be assigned.
Design and develop components applications that deliver value to our customers."
-1,-1,"Job Description
Renkim Corporation, an Information Services Company, founded in 1982 and located in Southgate Michigan, is seeking a full time Full Stack Developer.
Position Background:
Working in a fast-paced team environment, successful candidates should be goal oriented and organized. Candidates should have an enthusiastic attitude, a strong work ethic and solid listening, oral and written communication skills.
Qualifications
We need developers who share our passion for building cutting-edge web applications. You should be active in the development community and are passionate about all things front end."
-1,-1,"The Software Developer II is part of a team dedicated to advancing machine technology. This position is principally responsible to design, build, implement and support software applications for the electro-optics manufacturing industry and work on activities involved in applications, problem solving, and software validation. The Software Developer II will create and maintain UI controls, machine software, programming software (CAD/CAM) and modeling software under general supervision of more experienced personnel. Typical projects are a combination of new development, maintenance, and revision of existing applications.
Core Responsibilities
Utilizes principles, theories, concepts, and techniques required for the development of applications using C#, WPF with MVVM and C++/CLI."
-1,-1,"Join a fast-growing e-commerce startup powering online delivery for farmers markets that fill orders out of distribution hubs all over the U.S. If you have a passion for locally grown and produced food, we are the tech-enabled local shopping and delivery service that is meeting today's increasing demand for local food.
Each of our hubs serves up to 4 million residents and provides a direct channel for local farmers and food artisans to market and distribute their products online to the residents in their area.
Summary of the Position:
We are adding a Software Developer to our team who will work on full-stack development tasks, contributing features and enhancements to our web-based application that powers all aspects of our eCommerce and logistics platform. Tasks will regularly include all layers of full-stack development from working with relational databases to PHP logic code and HTML/CSS/Jquery user-interface components."
-1,-1,"Work with our team of designers, developers and producers to make applications come to life for the amazing brands we work with. You are excited about modern web technologies. You proactively engage with your team including both technical and non-technical members. Your work is well organized and easily digestible. You want to part of a growing team that values intensity, quality and delivery the best service to our customers.

Your Mission
As a member of the development team you will collaborate with our customers and internal team to craft solutions that fit. You'll be responsible for understanding the need and providing options based on timeline and budgetary constraints. Your team will vary, sometimes including Crescendo developers, customer developers or all of the above. Sometimes we'll go on site, and when we do we try to have fun! When confronted with the unknown you remain calm and use your experience and your team to get to the finish line."
-1,-1,"Job Title: Software Engineer (IIoT, Senior level)
Department: Product Development
Reports to: Senior Engineering Manager
Job Summary:
Owl Cyber Defense is a leader and trusted partner in cyber security. We deliver solutions that protect and connect the world’s most critical networks. Owl’s product lines of cross domain, data diode, and portable media solutions provide the strongest available security checkpoints for threat prevention and secure data availability. Our in-depth expertise in security engineering at the operating system level enables us to help government and commercial customers meet ever-evolving cyber security threats.
In these newly created positions, Software Engineerings will develop and maintain Owl software and solutions, working in a unique networked cybersecurity company. Common tasks will include analyzing and correcting issues, updating existing and building new functionality to meet customer and business requirements. The Software Engineers will also work with members of other functional teams throughout the Software Development and Product life cycle of the various cutting-edge cybersecurity products developed by Owl."
-1,-1,"We’re looking for an Advanced Software Engineer to join our Banking Tech Ops- tooling and automation team! This team focuses on our Xperience product group. We are a driven, creative, and energetic team that works in a flexible and agile fashion to help bridge the gap between product development and product support of enterprise products for the financial market that are used by thousands of Banking operations users every day. This team helps to automate applications, API’s, and services. The team works with enterprise applications to diagnose and troubleshoot problems.
MINIMUM QUALIFICATIONS:
Minimum of 5 years of enterprise C#, .NET. and WPF Software Development experience.
PREFERRED QUALIFICATIONS:"
-1,-1,"Dominion National, a rapidly growing and leading provider of dental and vision benefits has an exciting opportunity for an experienced Technical Lead, Web Development in our Arlington, VA office.
The Technical Lead, Web Development is a hands on position that will lead a team of full-stack developers [.NET Stack] and provide technical expertise in systems design, development, and maintenance. This position will be responsible for managing technical priorities in Agile Sprints, WBS, Code Reviews, Release Management, CI/CD, support of assigned systems, serving as a liaison to the development team and manage the development of new system functionality, upgrades, system modifications, day-to-day problem analysis, issue tracking, and resolution.
Essential functions include but are not limited to:"
-1,-1,"RESPONSIBILITIES:
Kforce has a client seeking a Web Application Developer in Miami, FL.

Duties:
Develop, test, maintain and support applications
Analyze and troubleshoot software problems and recommend viable solutions
Support existing infrastructure and develop new technologies
Focus primarily on new cutting-edge technology developments to meet market standards
Develop and maintain new web applications customized for Client based on business and technical requirements established by the team leader using clients coding standards including IT Standards for Security & Compliance including development for mobile site application, as well as applications for android and apple devices

Kforce is an Equal Opportunity/Affirmative Action Employer. All qualified applicants will receive consideration for employment without regard to race, color, religion, sex, pregnancy, sexual orientation, gender identity, national origin, age, protected veteran status, or disability status."
-1,-1,"Do you enjoy playing games and have a talent for building robust web pages? Stardock is seeking a Full Stack Web Developer to help create and develop the metaverse for an unreleased game project! This is a salaried, full-time position located at our Plymouth, Michigan studio with remote work options available currently.
Primary Responsibilities Include:
Collaborate with management, designers, and other programmers to develop technical solutions for online game metaverse features.
Participate in requirements analysis.
Design, develop, or modify application functionalities, components, and modules.
Fine tune and optimize application."
-1,-1,"Overview:
For more than 100 years, our passionate mission of safety empowers us to protect lives.

MSA Safety is a global leader in the development of safety equipment and pioneering technology that helps protect people and facility infrastructures around the world. We are committed to providing the latest in innovative, best-in-class safety solutions that feature integrated systems capability and allow our customers to return safely to their families and friends. Every day our customers place their lives in our hands. In response, we provide them with protection they can trust. It is gratifying to lead the way as a source of inspiration. Would you like to join our team of more than 5,000 employees world-wide dedicated to this purpose? We hope so.
Responsibilities:
Responsibilities:

Qualifications:"
-1,-1,"DSM – Bright Science. Brighter Living.™
Royal DSM is a global, purpose-led, science-based company active in Nutrition, Health and Sustainable Living. DSM’s purpose is to create brighter lives for all. DSM addresses with its products and solutions some of the world’s biggest challenges while simultaneously creating economic, environmental and societal value for all its stakeholders – customers, employees, shareholders, and society at large. DSM delivers innovative solutions for human nutrition, animal nutrition, personal care and aroma, medical devices, green products and applications, and new mobility and connectivity. DSM and its associated companies deliver annual net sales of about €10 billion with approximately 23,000 employees. The company was founded in 1902 and is listed on Euronext Amsterdam.
More information can be found at www.dsm.com _._
__

_In this role you will develop new application concepts for new and existing products of DSM Protective Materials (DPM) in the area of flexible composites and textile applications. Market segments can be outdoor equipment, apparel, inflatables, footwear & leather and textile protective applications against multiple threats. You provide innovative solutions to meet market needs, thereby supporting the growth of DPM’s business. You give direction to DPM’s product development activities by translating customer needs into product requirements through thorough understanding of the customers application and its requirements. You establish application tests, internally in DPM’s technical centers or externally, to test our products for suitability in the application. In parallel you identify and build on key success factors that enable a successful launch of the product in the market, such as certifications, standards/norm setting and application engineering guidelines._
__"
-1,-1,"Position: Software Developer (Senior)
Firefly is currently seeking highly driven candidates. Someone who is willing to go the extra mile to provide our customers with great software. As a senior software developer, you will work in a small team that is very collaborative, and team based. Along with team projects, you will be given individual projects assigned by the team manager. This position requires doing all facets of development, coding, testing, implementation, and support. Work experience in software development required.
Main Responsibilities of the Position
Develop, Troubleshoot, and Maintain Smart Home Apps using Ionic Capacitor and ReactJS for the RV (Recreational Vehicles), Limos, and Marine."
-1,-1,"Provides engineering support by the programming of PLC and PC -based applications and performing the following duties:
Primary Responsibilities
Design, develop and maintain software for machine control applications.
Participate in the customization of existing products and development of new products.
Provide debug and post-sale support for Preco equipment.
Ensures software designs meet equipment requirements and are completed on time.
Works individually or a part of a team depending on a project’s scope."
-1,-1,"Our business, TrackableMed, in Covington, LA is growing and we are looking for the next new member of our team. We are an advertising agency and appointment setting call center. We work for private medical practices across the US.
We care a lot about our culture, so first decide if you are ok working in an environment that has these specific behavioral values:
1. Willing to Learn - There is something to learn from every human on this earth.
2. Problem Solver - Figure out a way, there’s no such thing as “It can’t be done”.
3. No Drama - It is your job to get along with co-workers, look for positive intent.
4. Results Oriented - Not just doing the job…but accomplishing the goal.
5. Personal Integrity - Act the same whether you’re being watched or not.
6. Reliable - Behave and act in a way that removes all doubt. Do what must be done.
7. Positive - We will make mistakes, being positive is understanding this is a reality and that we can learn and grow from all events"
-1,-1,"Use your development skills to create cutting-edge web applications! PMI is seeking a web application developer to join our team, building state-of-the-art web-based applications to interface with industry leading scientific measurement equipment.

Candidate must have demonstrable experience with developing single-page web applications. Hands-on experience with PHP and JavaScript is required. Familiarity with most or all of the following would be beneficial: MySQL, CSS/LESS, NPM, React, Webpack and version control such as SVN or Git.

This position requires residence in the local area; remote work is not available at this time.

Power Monitors, Inc. is the leading manufacturer of power quality analyzers and wireless power quality test equipment for residential, commercial, retail, institutional, industrial, and substation applications. We provide a wide range of services including 24/7 Tech Support, industry-leading power quality training, and a robust line of compact, wireless power quality test equipment and software. With a commitment to fantastic customer service, we have been helping electrical utilities and their customers detect, measure, and remediate power quality issues worldwide since 1986.


Medical Insurance
Health Savings Account
Dental Insurance
Supplemental Insurance
Employer paid Life Insurance
Paid Leave
401(k) Retirement plan with Company match
Education Reimbursement

Power Monitors, Inc. is an Equal Opportunity Employer"
-1,-1,"At EMC, you'll put your skills to good use as an important member of our team. You can count on gaining valuable experience while contributing to the company's success. EMC strives to hire and retain the best people by engaging, developing and rewarding employees.
Essential Functions:
Programs within multiple complex, inter-related systems, using techniques and languages such as C#, ASP.NET, HTML, CSS, JavaScript, JQuery, XML, REST, Java, VB, Groovy, Python, Powershell, REACT and Objective C
Designs and develops architecture for business applications and core services independently
Leads the effort for designing interfaces to complex enterprise and third-party applications"
-1,-1,"About Us:
We are ProPack, a fast-growing Third-Party Logistics (3PL) company whose core purpose is to help our clients achieve extraordinary success.
Founded in 1991, we have spent the last 30 years developing our own custom-built processes, software, and related technology to support our 5 North American warehouses and the clients we serve. The collaboration of our operations and technology departments has allowed ProPack to respond in near real-time to business opportunities and client needs.
At ProPack we value a positive attitude, hard work, innovation, and a great work/life balance. Owners, management, and employees work closely together on a daily basis to continuously improve our way of doing business. Input, feedback, and collaboration are welcomed and encouraged at all levels of the organization."
-1,-1,"About 2nd Swing
2nd Swing is a Twin Cities-based specialty retailer and online seller of new and pre-swung golf equipment and accessories. Our mission is to own the best inventory selection in the country and provide expert custom fittings for all of today’s golfers.
About this Opportunity
The ideal candidate will play a key role in growing the 2nd Swing Golf web presence across multiple channels and platforms. This position will collaborate with other developers, front-end designers, and project managers to create new and/or improved business solutions.
Key responsibilities include but are not limited to: learning our coding standards and learning to work with us to enhance our websites, ERP system, and integration routines."
-1,-1,"Senior Software Engineer (Big Data), Massive Graph Processing

LiveRamp is the leading data connectivity platform for the safe and effective use of data. Our platform powers people-based customer experiences that improve the relevance of marketing and allow consumers to connect with the brands and products they love. We thrive on solving fascinating technical problems and enabling our customers' success—and we're always looking for smart, kind, compassionate people to help us blaze a trail.

Mission: LiveRamp makes it safe and easy for businesses to use data effectively."
-1,-1,"Be a part of our growing team at Xcentric Mold & Engineering
Xcentric Mold & Engineering, headquartered in Clinton Township MI, is a custom quick-turn manufacturer focused on plastic injection molding, CNC machining and 3-D printing in the rapid manufacturing industry. We differentiate through our advanced technologies, proprietary manufacturing processes, rapid turnaround times, and competence of our technical engineering team. We produce molds in less than 15 days, parts in less than 5 days, and quotes within hours. Thriving on complexity without compromising a part’s design, we serve over 50+ industries and are a competitive alternative to offshore manufacturing. Xcentric manufactures from two high-tech facilities in Michigan and is ISO 9001:2015/ITAR/UL.
Located in Clinton Township and Shelby, MI our clean and modern facilities use some of the best and latest technologies on the market, leveraging proprietary processes to maximize process efficiency. We are looking for an experienced software developer of PHP/RDBMS applications to maintain and improve current processes as well as expand our systems’ capabilities through development of both internal and customer facing tools and expanding into additional architectures to facilitate growth."
-1,-1,"Job description
Testimonial Tree is looking to hire senior-level software engineers. Work for one of the top and award-winning startups in SWFL!Responsibilities:
You will join a team responsible for migrating functionality from a .NET webforms enterprise application into a more modern serverless Laravel & PostgreSQL stack. To succeed in this role, you must be self-driven & have the ability to create well-architected solutions from provided design & product specs.
Qualifications
8+ years of professional software engineering experience
Highly proficient with PHP, JavaScript & C#
Deep experience with Laravel framework"
-1,-1,"Summary:
This is a mid-level position that will contribute to a team effort in all aspects of software engineering including design, development, testing, and support. This position will also support project estimation and task delegation.
Job Specific Tasks:
Be a subject matter technical expert, provide a roadmap to the development team and make architectural decisions in consultation with the project technical architect. This person is humble, talented, quick learner, and always looking to make things better.
Collaborate with developers and project managers to deliver high quality and successful software implementations that meet the business goals of the customer"
-1,-1,"Excellus Communications, LLC (dba Snapfōn)
27298 Wetland Road, Suite 101
Harrisburg, SD 57108
IT Coordinator / Web Developer
Contact: Dan Strandell, General Manager
Position: Information Technology Coordinator
Industry: Telecommunications
Job Type: Full-Time, Salary & Benefits"
-1,-1,"Sierra7, Inc. is seeking Angular Developers to join a team providing full DEVOPS lifecycle support and services to the Department of Veterans Affairs (VA) . This program will consolidate, reengineer, and sustain a suite of Veteran-facing processes. The qualified candidate will have experience in analyzing customer needs and developing overall concept and design objectives. The candidate must be able to create logical and functional software code in a variety of languages and have experience in understanding and articulating the benefits and risks associated with different coding languages in different functional environments. The developer must have experience reacting to problems and correcting the program, as necessary. The developer will create software in utilizing multiple programming languages. The developer must be familiar with scaled agile development and have experience working in a behavior driven and test-driven development environment. The candidate will follow established quality control standards and reviews for software development, be proactive with risk identification and mitigation, and must have experience debugging and correcting software errors."
-1,-1,"At TreviPay, we help clients grow by streamlining B2B payments through a combination of innovative technology, service expertise, and working capital to improve their customer’s experience and free up funding for growth. We facilitate $6 billion in transactions per year in 18 currencies for customers in more than 27 countries. We specialize in payment and credit management for B2B companies across the globe, setting the stage for the future of omni-channel B2B payments by extending terms, handling invoicing and managing collections. We take care of our clients by taking care of their customers.

Every day, TreviPay employees are challenged and empowered in a supportive, collaborative, entrepreneurial environment.

Are you ready to make an immediate impact by engineering the platform that continues to drive our unprecedented growth? Credit as a Service (CaaS) is exploding in popularity – we need your help to build and scale it!"
-1,-1,"Software Developer - Web
Corporate Headquarters
12575 Uline Drive, Pleasant Prairie, WI 53158

Develop custom solutions and enjoy a great career at Uline. Bring your extensive skillset to a place ready to employ every facet of it. Collaborate on customer-facing and internal projects among a team of dedicated fellow developers.

Better together than apart. This position is on-site, and we are looking for good people who share our passion.

Uline is proud to operate as a drug-free workplace. All new hires must complete a pre-employment drug screening."
-1,-1,"Job Overview & Purpose:
The Developer I role is important to the success of AmpliFund as a key member of the software development team and reports directly to the Manager of Software Development. Our development roles work together with the product and sales teams and positively contribute to the software design, architecture, implementation, and testing of the applications that exist across multiple product offerings within the AmpliFund suite of products. Our team uses Agile principles that are based on the Scaled Agile Framework (SAFe) to achieve our set goals.
Essential Job Duties:
Design, architecture, implementation, and testing of software applications

AmpliFund provides grants managements software to the public sector as well as large non-profits and education organizations. We see each day the difference our products make in the lives of individuals. If building software that improves lives is something you are interested in, contact us to apply."
-1,-1,"Software Developer
The candidate should have a minimum of a 2-year degree or equivalent technical school education in software development. A 4-year degree is preferred. The candidate should demonstrate a proficiency in T-SQL and VB.NET or C#.NET. VB.NET knowledge is preferred. Knowledge of HTML5, JavaScript, ASP.NET, Infor SyteLine, Manhattan SCALE, EDI, SSMS, SSRS, VMware, Microsoft Excel, and Microsoft Access is a plus. The candidate should have excellent communication, collaboration, and problem-solving skills. A successful candidate will be responsible for working with users to develop applications and ad-hoc reports for improving processes. Must be willing to perform a wide variety of tasks as needed such as troubleshooting the ERP system, warehouse management system, and other software.
The Beistle Company is an E.O.E."
-1,-1,"POSITION OBJECTIVE:
This high impact, high visibility position is responsible for the architecture, design, development, administration, availability, security and ongoing maintenance of See’s Salesforce Lightening Applications (Sales Cloud, Service Cloud, Order Management).
POSITION RESPONSIBILITIES:
Develops enhancements and new application functions to achieve business goals, based on roadmap objectives, high level descriptions and collaboration with E-ommerce team members and other cross-functional partners.
Develops and maintains comprehensive understanding of the business processes that drive E-Commerce order management and customer service application development."
-1,-1,"Entrepreneurial law firm seeks individual with web development (WordPress and related plug-ins) and graphic design experience (Adobe, InDesign and others). We also integrate our back-stage technology - Microsoft Flow, Zapier into our front stage web client experience. CRM familiarity with Microsoft Dynamics 365 a plus. Seeking candidate with overall willingness to learn, adapt and create systems and processes. Creativity and open mind is a critical component of our ideal candidate.
Job Type: Full-time
Pay: $12.00 - $22.00 per hour
Benefits:
401(k)"
-1,-1,"Job Description: WEB Developer
Location: Anchorage, AK
Attributes:
Experienced, reliable, creative, task-oriented with high attention to details. The Web Developer will work directly with the Team and the General manager and will oversee the operation, development and maintenance of platforms, systems, website, and software necessary for the daily execution and growth of the business activities. The ideal candidate is highly self-motivated, professional, capable of managing their workload and prioritizing tasks in a fast-paced environment.
Web Developer responsibilities include:
Report to and work with the General Manager on managing and developing all platforms, software, applications, and systems."
-1,-1,"Job Summary:
The Technical Lead contributes to and leads a team of developers responsible for the development of software programs that enable electronic commerce for major corporations.
Duties include the analysis, design, and development of core system components, services, and applications. This person also provides project effort estimation, performs code reviews, and mentors less experienced developers.
Qualifications/Required Skills:
4-year technical degree and 8 years professional development experience or 10 years professional software development experience"
-1,-1,"Description:
The Behavior Analyst Certification Board®, Inc. (BACB®) has an immediate opening for a full-time Software Application Developer. The successful candidate will have the opportunity to be involved in building a custom software application including a secure web portal on a Microsoft Dynamics platform. This person will be responsible for executing all tasks through the software development life-cycle including analysis, design, development, testing, implementation and documentation, utilizing our development methodologies and standards. Additionally, this person must be able to work competently in a collaborative, agile development style setting. You will work on moderate to complex projects that conform to standards in support of our business model requirements. This position pays a performance bonus after the successful completion of 90 days of employment.
. Requirements:"
-1,-1,"YOUR RESPONSIBILITIES:
The Sr. Web Applications Developer will be responsible for design, development, testing, implementing, and maintaining web application and services based on Microsoft full stack web technologies for Mann+Hummel. You should be a team player, excellent communicator and passionate about the .NET framework and software design/architecture.
- Follow PMO project processes
- Gather User requirements, analyze and document
- Work with IT and business owners to brainstorm and design solutions"
-1,-1,"OVERVIEW
The Dynamics Programmer and Help Desk Technician will perform a wide variety of development assignments requiring knowledge of Microsoft Development Environment, Industry-standard development procedures and fundamental ERP principles.
The ideal candidate will work closely with the IT Manager, IT team members, cross functional team, Ax Support Developers, and business leaders on development and maintenance of MS Dynamics AX ERP System. This candidate will have the ability to work individually and/or on a team; be able to aggressively move projects forward, take ownership of inquiries of programming to help desk from discovery to resolution.
PRIMARY RESPONISBILITIES
Code, test and troubleshoot utilizing various hardware, MS SQL databases, and various development technologies
Maintain and modify code; make approved changes; develop detailed programming logic, and coding changes
Test and develop programming modifications possibly created by other developers
Evaluate interrelationships between programs such as whether a contemplated change in one part of a program would cause unwanted results in a related part
Analyze performance of programs and take action to correct deficiencies based on consultation with users and approval of supervisor
Confer with users to gain understanding of needed changes or modifications of existing programs"
-1,-1,"In this position, design and develop software to support the manufacture, sale and support of ACC’s endotoxin and glucan detection products and develop/maintain software to support company’s line of business.
GENERAL RESPONSIBILITIES:
Analyze User Needs and develop high-quality, innovative software with operational efficiency.
Work closely with BAs, SMEs and Software Developers to develop software requirements specification and software design specifications
Design and implement software for Bio/medical devices and systems from requirements to production and commercial deployment
Responsible for design, debug, and integration of software C#/Java applications running in a MS Windows environment"
-1,-1,"Meyocks is growing thanks to the great work of our talented and dedicated team, and we’re looking for a web developer with C# and .NET experience to join us.
What You Would Do at Meyocks
In this role, you would write server-side and client-side code to bring ideas to life in the form of websites, mobile apps and other digital executions.
You would collaborate with a team of graphic designers, copywriters, strategists and other marketing communication professionals. You would move seamlessly between large projects like an enterprise website and smaller projects like a landing page for a digital ad campaign, always keeping an eye on the details that can make or break a project."
-1,-1,"We are a West Michigan health plan benefits administrator looking to hire an individual that has a desire to grow with us. We have a full-time opening for a Developer in our Information Technology Department.
The development team is responsible for the design, development and delivery of both internal and external software applications that are secure, reliable, easy to use and meet a variety business needs. As a member of this team, the Developer may be required to perform varying roles over the course of each project depending on the size of the project and team assigned. Developers may be assigned to multiple project simultaneously. The Developer may be called upon to troubleshoot and remediate issues in existing software, as well as extend existing software. Developers will work directly with stakeholders and other team members; they are expected to exhibit a high level of professionalism, take pride in their work and manage their time effectively."
-1,-1,"Overview:
Everyone wants to work with people they respect. Even better if you can work with a company you respect. We have both at The David J. Joseph Company, and a 135+ year track record on operating an ethical business with a positive work culture. It may sound cliché, but it’s true. We’re a big, global company that still feels small.

Working at the David J. Joseph Company is unique. We offer employment in diverse settings such as traditional corporate headquarters, dynamic sales locations, and scrap recycling facilities. This workplace diversity gives our employees the variety they crave and the exposure to a global business. A career at The David J. Joseph Company is ideal for self-starters seeking to make an impact on our company and their careers.

The David J. Joseph Company (DJJ), founded in 1885, is a world leader in scrap metal recycling & trading. With over 80+ locations, the Joseph Company is headquartered in Cincinnati, Ohio and is a wholly-owned subsidiary of Nucor Corporation (NUE) a Fortune 200 Company.
Responsibilities:
Qualifications:
Benefits:
EEO Statement:






EJN :"
-1,-1,"Join a team of talented technology professionals in the Washington DC area building state-of-the-art cloud-native serverless web applications and data tools supporting missions critical to our nation’s people and economy! Apply your skills in Cloud, Web Development, Big Data, and Visualization to develop, enhance, and manage innovative web-based analytical tools that enable the integration of large spatial and temporal data sets for analysis, reporting, visualization, and dissemination to the public. The candidate will work in an exciting multi-disciplinary environment among a team of talented and dedicated professionals in a variety of fields including Economics, Statistics, Geography, Computer Science, and Information Technology. The candidate will act as a lead and as a member of a team in designing, documenting, developing, improving, maintaining and supporting applications through the project lifecycle from requirements gathering to deployment.
What you’ll need to succeed:"
-1,-1,"Robert Half Technology's Web Developer position is best suited for someone in search of a new opportunity. Potential candidates should possess a strong command of enterprise systems, an excellent coding skillset and the ability to think outside the box. If you want to play a pivotal part in bringing projects to life, find out more about this role with a company in the Insurance - Health industry by calling us today. This long-term temporary-to-full-time Web Developer position is located in Sea Girt, New Jersey.

What you get to do every day

Work with key partners to punctually deliver tested and reusable code in a quickly changing environment
Work with leadership and others to find the right solutions
Create simple solutions for complex business processes, integrating best of breed tools
Robert Half Technology matches IT professionals with remote or on-site jobs on a temporary, project or full-time basis. From roles in software and applications to IT infrastructure and operations, we provide you unparalleled access to exciting career opportunities.

Our experienced staffing professionals can promote you to employers and advocate on your behalf. We provide access to top jobs, competitive compensation and benefits, and free online training. For more opportunities, get the Robert Half app and receive instant notifications when our AI matches you with jobs.

When you work with us, you’re working with the best. Robert Half has been recognized as one of FORTUNE’s “Most Admired Companies” every year since 1998 and was named to Forbes’ inaugural list of America’s Best Temporary Staffing Firms.

Questions? Call your local office at 1.888.490.4429. All applicants applying for U.S. job openings must be authorized to work in the United States. Benefits are available to temporary professionals. Visit https://roberthalf.gobenefits.net/ for more information.

© 2020 Robert Half Technology. An Equal Opportunity Employer. M/F/Disability/Veterans. By clicking “Apply Now,” you’re agreeing to Robert Half’s Terms of Use ( www.roberthalf.com/terms-of-use )."
-1,-1,"We are a West Michigan health plan benefits administrator looking to hire an individual that has a desire to grow with us. We have a full-time opening for a Developer in our Information Technology Department.
The development team is responsible for the design, development and delivery of both internal and external software applications that are secure, reliable, easy to use and meet a variety business needs. As a member of this team, the Developer may be required to perform varying roles over the course of each project depending on the size of the project and team assigned. Developers may be assigned to multiple project simultaneously. The Developer may be called upon to troubleshoot and remediate issues in existing software, as well as extend existing software. Developers will work directly with stakeholders and other team members; they are expected to exhibit a high level of professionalism, take pride in their work and manage their time effectively."
-1,-1,"Developer, UX Front-end
287146

JOB SUMMARY:
Seeking a result driven, detail-oriented front-end developer to join our growing team. In this role, you will take the designs created by application developers and use HTML, CSS, and JavaScript to deliver a modern, visually appealing design consistent with corporate brand and marketing strategy. You will work closely with various members of the business to play a key role in the successful launch of web and mobile applications."
-1,-1,"Responsibilities Include:
· Develop software to meet the ever changing demands of a dynamic industry
· Document and comment all contributions
· Analyze and test programs and products before commit
· Learn and self-educate on the current software
· Consistently track and communicate status, roadblocks and successes
Minimum Qualifications:
· 5 years experience developing PHP software"
-1,-1,"Plastipak Packaging is a global industry leader in the design, manufacturing, and recycling of plastic rigid containers. Our list of customers include some of the worlds most recognized and respected brands such as Procter & Gamble, Kraft Foods and Pepsi, just to name a few. Our commitment to our employees is demonstrated in numerous awards for innovation, environmental sustainability, and corporate citizenship.
Plastipak follows industry leading protocols to address COVID-19, including regular disinfection, electrostatic cleaning and temperature sensing kiosks at most locations. We strictly adhere to all CDC guidelines to provide a safe working environment for our associates and visitors; including face coverings, social distancing, and hand sanitizer stations.
Named one of America's Best Employers in Michigan by Forbes in 2020, Plastipak offers many great benefits, including:"
